{"organisation":"AU_Govt_ABS","name":"lga_w04b_sts_in_emp_by_lbr_frc_sts_by_age_by_sx_census_2016","title":"LGA-W04b Status in Employment by Labour Force Status by Age by Sex-Census 2016","legal":{"copyrightYear":"2017","attributionYear":"2017","attribution":"{datasource.organisationTitle}, ({dataset.attributionYear}): {dataset.title}; accessed from AURIN Portal on {dateOfAccess}.","clickthrough":false,"licenceType":"Creative Commons Attribution 2.5 Australia (CC BY 2.5 AU)","copyrightNotice":"&copy; {datasource.organisationTitle} {dataset.copyrightYear}"},"referenceSystemIdentifier":"urn:x-ogc:def:crs:EPSG:4283","geoLevel":"lga2016","key":"lga_code16","keyRegex":null,"availability":"true","geomField":"wkb_geometry","keyword":"wpp,2016,census,w04b,working population profile,labour force,work status,employment,employment status,work","theme":null,"temporalExtent":{"beginDate":"2016-08-09T00:00:00","endDate":"2016-08-11T00:00:00","selectTime":false},"type":"dataset","_id":"dataset-AU_Govt_ABS-lga_w04b_sts_in_emp_by_lbr_frc_sts_by_age_by_sx_census_2016-lga2016","bbox":null,"abstract":"LGA based data for Status of Employment by Labour Force Status by Age by Sex, in Working Population Profile (WPP), 2016 Census. Count of employed persons aged 15 years and over. W04 is broken up into 3 sections (W04a - W04c), this section contains 'Females Employed worked full-time 25-29 years Owner managers of unincorporated enterprises' - 'Persons Employed worked full-time 35-39 years Contributing family workers'. The data is by LGA 2016 boundaries. Periodicity: 5-Yearly. <br/>\nNote: There are small random adjustments made to all cell values to protect the confidentiality of data. These adjustments may cause the sum of rows or columns to differ by small amounts from table totals.<br/>\nFor more information visit the data source: <a href=http://www.abs.gov.au/census>http://www.abs.gov.au/census</a>. \n\n","selectedAttributes":[{"name":"lga_code16","type":"java.lang.String","title":"LGA Code 2016","description":"LGA Code 2016.","stype":"nominal","isDimension":false},{"name":"f_eafw_cfw","type":"java.lang.Integer","title":"Females Employed away from work Contributing family workers","description":"Females Employed away from work Contributing family workers.","stype":"ratio","isDimension":false},{"name":"f_eafw_e","type":"java.lang.Integer","title":"Females Employed away from work Employee","description":"Females Employed away from work Employee.","stype":"ratio","isDimension":false},{"name":"f_eafw_es_ns","type":"java.lang.Integer","title":"Females Employed away from work Status in employment not stated","description":"Females Employed away from work Status in employment not stated.","stype":"ratio","isDimension":false},{"name":"f_eafw_om_ie","type":"java.lang.Integer","title":"Females Employed away from work Owner managers of incorporated enterprises","description":"Females Employed away from work Owner managers of incorporated enterprises.","stype":"ratio","isDimension":false},{"name":"f_eafw_om_uie","type":"java.lang.Integer","title":"Females Employed away from work Owner managers of unincorporated enterprises","description":"Females Employed away from work Owner managers of unincorporated enterprises.","stype":"ratio","isDimension":false},{"name":"f_eafw_tot","type":"java.lang.Integer","title":"Females Employed away from work Total","description":"Females Employed away from work Total.","stype":"ratio","isDimension":false},{"name":"f_ewft_25_29_cfw","type":"java.lang.Integer","title":"Females Employed worked Full-time 25-29 years Contributing family workers","description":"Females Employed worked Full-time 25-29 years Contributing family workers.","stype":"ratio","isDimension":false},{"name":"f_ewft_25_29_es_ns","type":"java.lang.Integer","title":"Females Employed worked Full-time 25-29 years Status in employment not stated","description":"Females Employed worked Full-time 25-29 years Status in employment not stated.","stype":"ratio","isDimension":false},{"name":"f_ewft_25_29_om_uie","type":"java.lang.Integer","title":"Females Employed worked Full-time 25-29 years Owner managers of unincorporated enterprises","description":"Females Employed worked Full-time 25-29 years Owner managers of unincorporated enterprises.","stype":"ratio","isDimension":false},{"name":"f_ewft_25_29_tot","type":"java.lang.Integer","title":"Females Employed worked Full-time 25-29 years Total","description":"Females Employed worked Full-time 25-29 years Total.","stype":"ratio","isDimension":false},{"name":"f_ewft_30_34_cfw","type":"java.lang.Integer","title":"Females Employed worked Full-time 30-34 years Contributing family workers","description":"Females Employed worked Full-time 30-34 years Contributing family workers.","stype":"ratio","isDimension":false},{"name":"f_ewft_30_34_e","type":"java.lang.Integer","title":"Females Employed worked Full-time 30-34 years Employee","description":"Females Employed worked Full-time 30-34 years Employee.","stype":"ratio","isDimension":false},{"name":"f_ewft_30_34_es_ns","type":"java.lang.Integer","title":"Females Employed worked Full-time 30-34 years Status in employment not stated","description":"Females Employed worked Full-time 30-34 years Status in employment not stated.","stype":"ratio","isDimension":false},{"name":"f_ewft_30_34_om_ie","type":"java.lang.Integer","title":"Females Employed worked Full-time 30-34 years Owner managers of incorporated enterprises","description":"Females Employed worked Full-time 30-34 years Owner managers of incorporated enterprises.","stype":"ratio","isDimension":false},{"name":"f_ewft_30_34_om_uie","type":"java.lang.Integer","title":"Females Employed worked Full-time 30-34 years Owner managers of unincorporated enterprises","description":"Females Employed worked Full-time 30-34 years Owner managers of unincorporated enterprises.","stype":"ratio","isDimension":false},{"name":"f_ewft_30_34_tot","type":"java.lang.Integer","title":"Females Employed worked Full-time 30-34 years Total","description":"Females Employed worked Full-time 30-34 years Total.","stype":"ratio","isDimension":false},{"name":"f_ewft_35_39_cfw","type":"java.lang.Integer","title":"Females Employed worked Full-time 35-39 years Contributing family workers","description":"Females Employed worked Full-time 35-39 years Contributing family workers.","stype":"ratio","isDimension":false},{"name":"f_ewft_35_39_e","type":"java.lang.Integer","title":"Females Employed worked Full-time 35-39 years Employee","description":"Females Employed worked Full-time 35-39 years Employee.","stype":"ratio","isDimension":false},{"name":"f_ewft_35_39_es_ns","type":"java.lang.Integer","title":"Females Employed worked Full-time 35-39 years Status in employment not stated","description":"Females Employed worked Full-time 35-39 years Status in employment not stated.","stype":"ratio","isDimension":false},{"name":"f_ewft_35_39_om_ie","type":"java.lang.Integer","title":"Females Employed worked Full-time 35-39 years Owner managers of incorporated enterprises","description":"Females Employed worked Full-time 35-39 years Owner managers of incorporated enterprises.","stype":"ratio","isDimension":false},{"name":"f_ewft_35_39_om_uie","type":"java.lang.Integer","title":"Females Employed worked Full-time 35-39 years Owner managers of unincorporated enterprises","description":"Females Employed worked Full-time 35-39 years Owner managers of unincorporated enterprises.","stype":"ratio","isDimension":false},{"name":"f_ewft_35_39_tot","type":"java.lang.Integer","title":"Females Employed worked Full-time 35-39 years Total","description":"Females Employed worked Full-time 35-39 years Total.","stype":"ratio","isDimension":false},{"name":"f_ewft_40_44_cfw","type":"java.lang.Integer","title":"Females Employed worked Full-time 40-44 years Contributing family workers","description":"Females Employed worked Full-time 40-44 years Contributing family workers.","stype":"ratio","isDimension":false},{"name":"f_ewft_40_44_e","type":"java.lang.Integer","title":"Females Employed worked Full-time 40-44 years Employee","description":"Females Employed worked Full-time 40-44 years Employee.","stype":"ratio","isDimension":false},{"name":"f_ewft_40_44_es_ns","type":"java.lang.Integer","title":"Females Employed worked Full-time 40-44 years Status in employment not stated","description":"Females Employed worked Full-time 40-44 years Status in employment not stated.","stype":"ratio","isDimension":false},{"name":"f_ewft_40_44_om_ie","type":"java.lang.Integer","title":"Females Employed worked Full-time 40-44 years Owner managers of incorporated enterprises","description":"Females Employed worked Full-time 40-44 years Owner managers of incorporated enterprises.","stype":"ratio","isDimension":false},{"name":"f_ewft_40_44_om_uie","type":"java.lang.Integer","title":"Females Employed worked Full-time 40-44 years Owner managers of unincorporated enterprises","description":"Females Employed worked Full-time 40-44 years Owner managers of unincorporated enterprises.","stype":"ratio","isDimension":false},{"name":"f_ewft_40_44_tot","type":"java.lang.Integer","title":"Females Employed worked Full-time 40-44 years Total","description":"Females Employed worked Full-time 40-44 years Total.","stype":"ratio","isDimension":false},{"name":"f_ewft_45_49_cfw","type":"java.lang.Integer","title":"Females Employed worked Full-time 45-49 years Contributing family workers","description":"Females Employed worked Full-time 45-49 years Contributing family workers.","stype":"ratio","isDimension":false},{"name":"f_ewft_45_49_e","type":"java.lang.Integer","title":"Females Employed worked Full-time 45-49 years Employee","description":"Females Employed worked Full-time 45-49 years Employee.","stype":"ratio","isDimension":false},{"name":"f_ewft_45_49_es_ns","type":"java.lang.Integer","title":"Females Employed worked Full-time 45-49 years Status in employment not stated","description":"Females Employed worked Full-time 45-49 years Status in employment not stated.","stype":"ratio","isDimension":false},{"name":"f_ewft_45_49_om_ie","type":"java.lang.Integer","title":"Females Employed worked Full-time 45-49 years Owner managers of incorporated enterprises","description":"Females Employed worked Full-time 45-49 years Owner managers of incorporated enterprises.","stype":"ratio","isDimension":false},{"name":"f_ewft_45_49_om_uie","type":"java.lang.Integer","title":"Females Employed worked Full-time 45-49 years Owner managers of unincorporated enterprises","description":"Females Employed worked Full-time 45-49 years Owner managers of unincorporated enterprises.","stype":"ratio","isDimension":false},{"name":"f_ewft_45_49_tot","type":"java.lang.Integer","title":"Females Employed worked Full-time 45-49 years Total","description":"Females Employed worked Full-time 45-49 years Total.","stype":"ratio","isDimension":false},{"name":"f_ewft_50_54_cfw","type":"java.lang.Integer","title":"Females Employed worked Full-time 50-54 years Contributing family workers","description":"Females Employed worked Full-time 50-54 years Contributing family workers.","stype":"ratio","isDimension":false},{"name":"f_ewft_50_54_e","type":"java.lang.Integer","title":"Females Employed worked Full-time 50-54 years Employee","description":"Females Employed worked Full-time 50-54 years Employee.","stype":"ratio","isDimension":false},{"name":"f_ewft_50_54_es_ns","type":"java.lang.Integer","title":"Females Employed worked Full-time 50-54 years Status in employment not stated","description":"Females Employed worked Full-time 50-54 years Status in employment not stated.","stype":"ratio","isDimension":false},{"name":"f_ewft_50_54_om_ie","type":"java.lang.Integer","title":"Females Employed worked Full-time 50-54 years Owner managers of incorporated enterprises","description":"Females Employed worked Full-time 50-54 years Owner managers of incorporated enterprises.","stype":"ratio","isDimension":false},{"name":"f_ewft_50_54_om_uie","type":"java.lang.Integer","title":"Females Employed worked Full-time 50-54 years Owner managers of unincorporated enterprises","description":"Females Employed worked Full-time 50-54 years Owner managers of unincorporated enterprises.","stype":"ratio","isDimension":false},{"name":"f_ewft_50_54_tot","type":"java.lang.Integer","title":"Females Employed worked Full-time 50-54 years Total","description":"Females Employed worked Full-time 50-54 years Total.","stype":"ratio","isDimension":false},{"name":"f_ewft_55_59_cfw","type":"java.lang.Integer","title":"Females Employed worked Full-time 55-59 years Contributing family workers","description":"Females Employed worked Full-time 55-59 years Contributing family workers.","stype":"ratio","isDimension":false},{"name":"f_ewft_55_59_e","type":"java.lang.Integer","title":"Females Employed worked Full-time 55-59 years Employee","description":"Females Employed worked Full-time 55-59 years Employee.","stype":"ratio","isDimension":false},{"name":"f_ewft_55_59_es_ns","type":"java.lang.Integer","title":"Females Employed worked Full-time 55-59 years Status in employment not stated","description":"Females Employed worked Full-time 55-59 years Status in employment not stated.","stype":"ratio","isDimension":false},{"name":"f_ewft_55_59_om_ie","type":"java.lang.Integer","title":"Females Employed worked Full-time 55-59 years Owner managers of incorporated enterprises","description":"Females Employed worked Full-time 55-59 years Owner managers of incorporated enterprises.","stype":"ratio","isDimension":false},{"name":"f_ewft_55_59_om_uie","type":"java.lang.Integer","title":"Females Employed worked Full-time 55-59 years Owner managers of unincorporated enterprises","description":"Females Employed worked Full-time 55-59 years Owner managers of unincorporated enterprises.","stype":"ratio","isDimension":false},{"name":"f_ewft_55_59_tot","type":"java.lang.Integer","title":"Females Employed worked Full-time 55-59 years Total","description":"Females Employed worked Full-time 55-59 years Total.","stype":"ratio","isDimension":false},{"name":"f_ewft_60_64_cfw","type":"java.lang.Integer","title":"Females Employed worked Full-time 60-64 years Contributing family workers","description":"Females Employed worked Full-time 60-64 years Contributing family workers.","stype":"ratio","isDimension":false},{"name":"f_ewft_60_64_e","type":"java.lang.Integer","title":"Females Employed worked Full-time 60-64 years Employee","description":"Females Employed worked Full-time 60-64 years Employee.","stype":"ratio","isDimension":false},{"name":"f_ewft_60_64_es_ns","type":"java.lang.Integer","title":"Females Employed worked Full-time 60-64 years Status in employment not stated","description":"Females Employed worked Full-time 60-64 years Status in employment not stated.","stype":"ratio","isDimension":false},{"name":"f_ewft_60_64_om_ie","type":"java.lang.Integer","title":"Females Employed worked Full-time 60-64 years Owner managers of incorporated enterprises","description":"Females Employed worked Full-time 60-64 years Owner managers of incorporated enterprises.","stype":"ratio","isDimension":false},{"name":"f_ewft_60_64_om_uie","type":"java.lang.Integer","title":"Females Employed worked Full-time 60-64 years Owner managers of unincorporated enterprises","description":"Females Employed worked Full-time 60-64 years Owner managers of unincorporated enterprises.","stype":"ratio","isDimension":false},{"name":"f_ewft_60_64_tot","type":"java.lang.Integer","title":"Females Employed worked Full-time 60-64 years Total","description":"Females Employed worked Full-time 60-64 years Total.","stype":"ratio","isDimension":false},{"name":"f_ewft_65_69_cfw","type":"java.lang.Integer","title":"Females Employed worked Full-time 65-69 years Contributing family workers","description":"Females Employed worked Full-time 65-69 years Contributing family workers.","stype":"ratio","isDimension":false},{"name":"f_ewft_65_69_e","type":"java.lang.Integer","title":"Females Employed worked Full-time 65-69 years Employee","description":"Females Employed worked Full-time 65-69 years Employee.","stype":"ratio","isDimension":false},{"name":"f_ewft_65_69_es_ns","type":"java.lang.Integer","title":"Females Employed worked Full-time 65-69 years Status in employment not stated","description":"Females Employed worked Full-time 65-69 years Status in employment not stated.","stype":"ratio","isDimension":false},{"name":"f_ewft_65_69_om_ie","type":"java.lang.Integer","title":"Females Employed worked Full-time 65-69 years Owner managers of incorporated enterprises","description":"Females Employed worked Full-time 65-69 years Owner managers of incorporated enterprises.","stype":"ratio","isDimension":false},{"name":"f_ewft_65_69_om_uie","type":"java.lang.Integer","title":"Females Employed worked Full-time 65-69 years Owner managers of unincorporated enterprises","description":"Females Employed worked Full-time 65-69 years Owner managers of unincorporated enterprises.","stype":"ratio","isDimension":false},{"name":"f_ewft_65_69_tot","type":"java.lang.Integer","title":"Females Employed worked Full-time 65-69 years Total","description":"Females Employed worked Full-time 65-69 years Total.","stype":"ratio","isDimension":false},{"name":"f_ewft_70_74_cfw","type":"java.lang.Integer","title":"Females Employed worked Full-time 70-74 years Contributing family workers","description":"Females Employed worked Full-time 70-74 years Contributing family workers.","stype":"ratio","isDimension":false},{"name":"f_ewft_70_74_e","type":"java.lang.Integer","title":"Females Employed worked Full-time 70-74 years Employee","description":"Females Employed worked Full-time 70-74 years Employee.","stype":"ratio","isDimension":false},{"name":"f_ewft_70_74_es_ns","type":"java.lang.Integer","title":"Females Employed worked Full-time 70-74 years Status in employment not stated","description":"Females Employed worked Full-time 70-74 years Status in employment not stated.","stype":"ratio","isDimension":false},{"name":"f_ewft_70_74_om_ie","type":"java.lang.Integer","title":"Females Employed worked Full-time 70-74 years Owner managers of incorporated enterprises","description":"Females Employed worked Full-time 70-74 years Owner managers of incorporated enterprises.","stype":"ratio","isDimension":false},{"name":"f_ewft_70_74_om_uie","type":"java.lang.Integer","title":"Females Employed worked Full-time 70-74 years Owner managers of unincorporated enterprises","description":"Females Employed worked Full-time 70-74 years Owner managers of unincorporated enterprises.","stype":"ratio","isDimension":false},{"name":"f_ewft_70_74_tot","type":"java.lang.Integer","title":"Females Employed worked Full-time 70-74 years Total","description":"Females Employed worked Full-time 70-74 years Total.","stype":"ratio","isDimension":false},{"name":"f_ewft_75ov_cfw","type":"java.lang.Integer","title":"Females Employed worked Full-time 75 years and over Contributing family workers","description":"Females Employed worked Full-time 75 years and over Contributing family workers.","stype":"ratio","isDimension":false},{"name":"f_ewft_75ov_e","type":"java.lang.Integer","title":"Females Employed worked Full-time 75 years and over Employee","description":"Females Employed worked Full-time 75 years and over Employee.","stype":"ratio","isDimension":false},{"name":"f_ewft_75ov_es_ns","type":"java.lang.Integer","title":"Females Employed worked Full-time 75 years and over Status in employment not stated","description":"Females Employed worked Full-time 75 years and over Status in employment not stated.","stype":"ratio","isDimension":false},{"name":"f_ewft_75ov_om_ie","type":"java.lang.Integer","title":"Females Employed worked Full-time 75 years and over Owner managers of incorporated enterprises","description":"Females Employed worked Full-time 75 years and over Owner managers of incorporated enterprises.","stype":"ratio","isDimension":false},{"name":"f_ewft_75ov_om_uie","type":"java.lang.Integer","title":"Females Employed worked Full-time 75 years and over Owner managers of unincorporated enterprises","description":"Females Employed worked Full-time 75 years and over Owner managers of unincorporated enterprises.","stype":"ratio","isDimension":false},{"name":"f_ewft_75ov_tot","type":"java.lang.Integer","title":"Females Employed worked Full-time 75 years and over Total","description":"Females Employed worked Full-time 75 years and over Total.","stype":"ratio","isDimension":false},{"name":"f_ewft_tot_cfw","type":"java.lang.Integer","title":"Females Employed worked Full-time Total Contributing family workers","description":"Females Employed worked Full-time Total Contributing family workers.","stype":"ratio","isDimension":false},{"name":"f_ewft_tot_e","type":"java.lang.Integer","title":"Females Employed worked Full-time Total Employee","description":"Females Employed worked Full-time Total Employee.","stype":"ratio","isDimension":false},{"name":"f_ewft_tot_es_ns","type":"java.lang.Integer","title":"Females Employed worked Full-time Total Status in employment not stated","description":"Females Employed worked Full-time Total Status in employment not stated.","stype":"ratio","isDimension":false},{"name":"f_ewft_tot_om_ie","type":"java.lang.Integer","title":"Females Employed worked Full-time Total Owner managers of incorporated enterprises","description":"Females Employed worked Full-time Total Owner managers of incorporated enterprises.","stype":"ratio","isDimension":false},{"name":"f_ewft_tot_om_uie","type":"java.lang.Integer","title":"Females Employed worked Full-time Total Owner managers of unincorporated enterprises","description":"Females Employed worked Full-time Total Owner managers of unincorporated enterprises.","stype":"ratio","isDimension":false},{"name":"f_ewft_tot_tot","type":"java.lang.Integer","title":"Females Employed worked Full-time Total Total","description":"Females Employed worked Full-time Total Total.","stype":"ratio","isDimension":false},{"name":"f_ewpt_15_19_cfw","type":"java.lang.Integer","title":"Females Employed worked Part-time 15-19 years Contributing family workers","description":"Females Employed worked Part-time 15-19 years Contributing family workers.","stype":"ratio","isDimension":false},{"name":"f_ewpt_15_19_e","type":"java.lang.Integer","title":"Females Employed worked Part-time 15-19 years Employee","description":"Females Employed worked Part-time 15-19 years Employee.","stype":"ratio","isDimension":false},{"name":"f_ewpt_15_19_es_ns","type":"java.lang.Integer","title":"Females Employed worked Part-time 15-19 years Status in employment not stated","description":"Females Employed worked Part-time 15-19 years Status in employment not stated.","stype":"ratio","isDimension":false},{"name":"f_ewpt_15_19_om_ie","type":"java.lang.Integer","title":"Females Employed worked Part-time 15-19 years Owner managers of incorporated enterprises","description":"Females Employed worked Part-time 15-19 years Owner managers of incorporated enterprises.","stype":"ratio","isDimension":false},{"name":"f_ewpt_15_19_om_uie","type":"java.lang.Integer","title":"Females Employed worked Part-time 15-19 years Owner managers of unincorporated enterprises","description":"Females Employed worked Part-time 15-19 years Owner managers of unincorporated enterprises.","stype":"ratio","isDimension":false},{"name":"f_ewpt_15_19_tot","type":"java.lang.Integer","title":"Females Employed worked Part-time 15-19 years Total","description":"Females Employed worked Part-time 15-19 years Total.","stype":"ratio","isDimension":false},{"name":"f_ewpt_20_24_cfw","type":"java.lang.Integer","title":"Females Employed worked Part-time 20-24 years Contributing family workers","description":"Females Employed worked Part-time 20-24 years Contributing family workers.","stype":"ratio","isDimension":false},{"name":"f_ewpt_20_24_e","type":"java.lang.Integer","title":"Females Employed worked Part-time 20-24 years Employee","description":"Females Employed worked Part-time 20-24 years Employee.","stype":"ratio","isDimension":false},{"name":"f_ewpt_20_24_es_ns","type":"java.lang.Integer","title":"Females Employed worked Part-time 20-24 years Status in employment not stated","description":"Females Employed worked Part-time 20-24 years Status in employment not stated.","stype":"ratio","isDimension":false},{"name":"f_ewpt_20_24_om_ie","type":"java.lang.Integer","title":"Females Employed worked Part-time 20-24 years Owner managers of incorporated enterprises","description":"Females Employed worked Part-time 20-24 years Owner managers of incorporated enterprises.","stype":"ratio","isDimension":false},{"name":"f_ewpt_20_24_om_uie","type":"java.lang.Integer","title":"Females Employed worked Part-time 20-24 years Owner managers of unincorporated enterprises","description":"Females Employed worked Part-time 20-24 years Owner managers of unincorporated enterprises.","stype":"ratio","isDimension":false},{"name":"f_ewpt_20_24_tot","type":"java.lang.Integer","title":"Females Employed worked Part-time 20-24 years Total","description":"Females Employed worked Part-time 20-24 years Total.","stype":"ratio","isDimension":false},{"name":"f_ewpt_25_29_cfw","type":"java.lang.Integer","title":"Females Employed worked Part-time 25-29 years Contributing family workers","description":"Females Employed worked Part-time 25-29 years Contributing family workers.","stype":"ratio","isDimension":false},{"name":"f_ewpt_25_29_e","type":"java.lang.Integer","title":"Females Employed worked Part-time 25-29 years Employee","description":"Females Employed worked Part-time 25-29 years Employee.","stype":"ratio","isDimension":false},{"name":"f_ewpt_25_29_es_ns","type":"java.lang.Integer","title":"Females Employed worked Part-time 25-29 years Status in employment not stated","description":"Females Employed worked Part-time 25-29 years Status in employment not stated.","stype":"ratio","isDimension":false},{"name":"f_ewpt_25_29_om_ie","type":"java.lang.Integer","title":"Females Employed worked Part-time 25-29 years Owner managers of incorporated enterprises","description":"Females Employed worked Part-time 25-29 years Owner managers of incorporated enterprises.","stype":"ratio","isDimension":false},{"name":"f_ewpt_25_29_om_uie","type":"java.lang.Integer","title":"Females Employed worked Part-time 25-29 years Owner managers of unincorporated enterprises","description":"Females Employed worked Part-time 25-29 years Owner managers of unincorporated enterprises.","stype":"ratio","isDimension":false},{"name":"f_ewpt_25_29_tot","type":"java.lang.Integer","title":"Females Employed worked Part-time 25-29 years Total","description":"Females Employed worked Part-time 25-29 years Total.","stype":"ratio","isDimension":false},{"name":"f_ewpt_30_34_cfw","type":"java.lang.Integer","title":"Females Employed worked Part-time 30-34 years Contributing family workers","description":"Females Employed worked Part-time 30-34 years Contributing family workers.","stype":"ratio","isDimension":false},{"name":"f_ewpt_30_34_e","type":"java.lang.Integer","title":"Females Employed worked Part-time 30-34 years Employee","description":"Females Employed worked Part-time 30-34 years Employee.","stype":"ratio","isDimension":false},{"name":"f_ewpt_30_34_es_ns","type":"java.lang.Integer","title":"Females Employed worked Part-time 30-34 years Status in employment not stated","description":"Females Employed worked Part-time 30-34 years Status in employment not stated.","stype":"ratio","isDimension":false},{"name":"f_ewpt_30_34_om_ie","type":"java.lang.Integer","title":"Females Employed worked Part-time 30-34 years Owner managers of incorporated enterprises","description":"Females Employed worked Part-time 30-34 years Owner managers of incorporated enterprises.","stype":"ratio","isDimension":false},{"name":"f_ewpt_30_34_om_uie","type":"java.lang.Integer","title":"Females Employed worked Part-time 30-34 years Owner managers of unincorporated enterprises","description":"Females Employed worked Part-time 30-34 years Owner managers of unincorporated enterprises.","stype":"ratio","isDimension":false},{"name":"f_ewpt_30_34_tot","type":"java.lang.Integer","title":"Females Employed worked Part-time 30-34 years Total","description":"Females Employed worked Part-time 30-34 years Total.","stype":"ratio","isDimension":false},{"name":"f_ewpt_35_39_cfw","type":"java.lang.Integer","title":"Females Employed worked Part-time 35-39 years Contributing family workers","description":"Females Employed worked Part-time 35-39 years Contributing family workers.","stype":"ratio","isDimension":false},{"name":"f_ewpt_35_39_e","type":"java.lang.Integer","title":"Females Employed worked Part-time 35-39 years Employee","description":"Females Employed worked Part-time 35-39 years Employee.","stype":"ratio","isDimension":false},{"name":"f_ewpt_35_39_es_ns","type":"java.lang.Integer","title":"Females Employed worked Part-time 35-39 years Status in employment not stated","description":"Females Employed worked Part-time 35-39 years Status in employment not stated.","stype":"ratio","isDimension":false},{"name":"f_ewpt_35_39_om_ie","type":"java.lang.Integer","title":"Females Employed worked Part-time 35-39 years Owner managers of incorporated enterprises","description":"Females Employed worked Part-time 35-39 years Owner managers of incorporated enterprises.","stype":"ratio","isDimension":false},{"name":"f_ewpt_35_39_om_uie","type":"java.lang.Integer","title":"Females Employed worked Part-time 35-39 years Owner managers of unincorporated enterprises","description":"Females Employed worked Part-time 35-39 years Owner managers of unincorporated enterprises.","stype":"ratio","isDimension":false},{"name":"f_ewpt_35_39_tot","type":"java.lang.Integer","title":"Females Employed worked Part-time 35-39 years Total","description":"Females Employed worked Part-time 35-39 years Total.","stype":"ratio","isDimension":false},{"name":"f_ewpt_40_44_cfw","type":"java.lang.Integer","title":"Females Employed worked Part-time 40-44 years Contributing family workers","description":"Females Employed worked Part-time 40-44 years Contributing family workers.","stype":"ratio","isDimension":false},{"name":"f_ewpt_40_44_e","type":"java.lang.Integer","title":"Females Employed worked Part-time 40-44 years Employee","description":"Females Employed worked Part-time 40-44 years Employee.","stype":"ratio","isDimension":false},{"name":"f_ewpt_40_44_es_ns","type":"java.lang.Integer","title":"Females Employed worked Part-time 40-44 years Status in employment not stated","description":"Females Employed worked Part-time 40-44 years Status in employment not stated.","stype":"ratio","isDimension":false},{"name":"f_ewpt_40_44_om_ie","type":"java.lang.Integer","title":"Females Employed worked Part-time 40-44 years Owner managers of incorporated enterprises","description":"Females Employed worked Part-time 40-44 years Owner managers of incorporated enterprises.","stype":"ratio","isDimension":false},{"name":"f_ewpt_40_44_om_uie","type":"java.lang.Integer","title":"Females Employed worked Part-time 40-44 years Owner managers of unincorporated enterprises","description":"Females Employed worked Part-time 40-44 years Owner managers of unincorporated enterprises.","stype":"ratio","isDimension":false},{"name":"f_ewpt_40_44_tot","type":"java.lang.Integer","title":"Females Employed worked Part-time 40-44 years Total","description":"Females Employed worked Part-time 40-44 years Total.","stype":"ratio","isDimension":false},{"name":"f_ewpt_45_49_cfw","type":"java.lang.Integer","title":"Females Employed worked Part-time 45-49 years Contributing family workers","description":"Females Employed worked Part-time 45-49 years Contributing family workers.","stype":"ratio","isDimension":false},{"name":"f_ewpt_45_49_e","type":"java.lang.Integer","title":"Females Employed worked Part-time 45-49 years Employee","description":"Females Employed worked Part-time 45-49 years Employee.","stype":"ratio","isDimension":false},{"name":"f_ewpt_45_49_es_ns","type":"java.lang.Integer","title":"Females Employed worked Part-time 45-49 years Status in employment not stated","description":"Females Employed worked Part-time 45-49 years Status in employment not stated.","stype":"ratio","isDimension":false},{"name":"f_ewpt_45_49_om_ie","type":"java.lang.Integer","title":"Females Employed worked Part-time 45-49 years Owner managers of incorporated enterprises","description":"Females Employed worked Part-time 45-49 years Owner managers of incorporated enterprises.","stype":"ratio","isDimension":false},{"name":"f_ewpt_45_49_om_uie","type":"java.lang.Integer","title":"Females Employed worked Part-time 45-49 years Owner managers of unincorporated enterprises","description":"Females Employed worked Part-time 45-49 years Owner managers of unincorporated enterprises.","stype":"ratio","isDimension":false},{"name":"f_ewpt_45_49_tot","type":"java.lang.Integer","title":"Females Employed worked Part-time 45-49 years Total","description":"Females Employed worked Part-time 45-49 years Total.","stype":"ratio","isDimension":false},{"name":"f_ewpt_50_54_cfw","type":"java.lang.Integer","title":"Females Employed worked Part-time 50-54 years Contributing family workers","description":"Females Employed worked Part-time 50-54 years Contributing family workers.","stype":"ratio","isDimension":false},{"name":"f_ewpt_50_54_e","type":"java.lang.Integer","title":"Females Employed worked Part-time 50-54 years Employee","description":"Females Employed worked Part-time 50-54 years Employee.","stype":"ratio","isDimension":false},{"name":"f_ewpt_50_54_es_ns","type":"java.lang.Integer","title":"Females Employed worked Part-time 50-54 years Status in employment not stated","description":"Females Employed worked Part-time 50-54 years Status in employment not stated.","stype":"ratio","isDimension":false},{"name":"f_ewpt_50_54_om_ie","type":"java.lang.Integer","title":"Females Employed worked Part-time 50-54 years Owner managers of incorporated enterprises","description":"Females Employed worked Part-time 50-54 years Owner managers of incorporated enterprises.","stype":"ratio","isDimension":false},{"name":"f_ewpt_50_54_om_uie","type":"java.lang.Integer","title":"Females Employed worked Part-time 50-54 years Owner managers of unincorporated enterprises","description":"Females Employed worked Part-time 50-54 years Owner managers of unincorporated enterprises.","stype":"ratio","isDimension":false},{"name":"f_ewpt_50_54_tot","type":"java.lang.Integer","title":"Females Employed worked Part-time 50-54 years Total","description":"Females Employed worked Part-time 50-54 years Total.","stype":"ratio","isDimension":false},{"name":"f_ewpt_55_59_cfw","type":"java.lang.Integer","title":"Females Employed worked Part-time 55-59 years Contributing family workers","description":"Females Employed worked Part-time 55-59 years Contributing family workers.","stype":"ratio","isDimension":false},{"name":"f_ewpt_55_59_e","type":"java.lang.Integer","title":"Females Employed worked Part-time 55-59 years Employee","description":"Females Employed worked Part-time 55-59 years Employee.","stype":"ratio","isDimension":false},{"name":"f_ewpt_55_59_es_ns","type":"java.lang.Integer","title":"Females Employed worked Part-time 55-59 years Status in employment not stated","description":"Females Employed worked Part-time 55-59 years Status in employment not stated.","stype":"ratio","isDimension":false},{"name":"f_ewpt_55_59_om_ie","type":"java.lang.Integer","title":"Females Employed worked Part-time 55-59 years Owner managers of incorporated enterprises","description":"Females Employed worked Part-time 55-59 years Owner managers of incorporated enterprises.","stype":"ratio","isDimension":false},{"name":"f_ewpt_55_59_om_uie","type":"java.lang.Integer","title":"Females Employed worked Part-time 55-59 years Owner managers of unincorporated enterprises","description":"Females Employed worked Part-time 55-59 years Owner managers of unincorporated enterprises.","stype":"ratio","isDimension":false},{"name":"f_ewpt_55_59_tot","type":"java.lang.Integer","title":"Females Employed worked Part-time 55-59 years Total","description":"Females Employed worked Part-time 55-59 years Total.","stype":"ratio","isDimension":false},{"name":"f_ewpt_60_64_cfw","type":"java.lang.Integer","title":"Females Employed worked Part-time 60-64 years Contributing family workers","description":"Females Employed worked Part-time 60-64 years Contributing family workers.","stype":"ratio","isDimension":false},{"name":"f_ewpt_60_64_e","type":"java.lang.Integer","title":"Females Employed worked Part-time 60-64 years Employee","description":"Females Employed worked Part-time 60-64 years Employee.","stype":"ratio","isDimension":false},{"name":"f_ewpt_60_64_es_ns","type":"java.lang.Integer","title":"Females Employed worked Part-time 60-64 years Status in employment not stated","description":"Females Employed worked Part-time 60-64 years Status in employment not stated.","stype":"ratio","isDimension":false},{"name":"f_ewpt_60_64_om_ie","type":"java.lang.Integer","title":"Females Employed worked Part-time 60-64 years Owner managers of incorporated enterprises","description":"Females Employed worked Part-time 60-64 years Owner managers of incorporated enterprises.","stype":"ratio","isDimension":false},{"name":"f_ewpt_60_64_om_uie","type":"java.lang.Integer","title":"Females Employed worked Part-time 60-64 years Owner managers of unincorporated enterprises","description":"Females Employed worked Part-time 60-64 years Owner managers of unincorporated enterprises.","stype":"ratio","isDimension":false},{"name":"f_ewpt_60_64_tot","type":"java.lang.Integer","title":"Females Employed worked Part-time 60-64 years Total","description":"Females Employed worked Part-time 60-64 years Total.","stype":"ratio","isDimension":false},{"name":"f_ewpt_65_69_cfw","type":"java.lang.Integer","title":"Females Employed worked Part-time 65-69 years Contributing family workers","description":"Females Employed worked Part-time 65-69 years Contributing family workers.","stype":"ratio","isDimension":false},{"name":"f_ewpt_65_69_e","type":"java.lang.Integer","title":"Females Employed worked Part-time 65-69 years Employee","description":"Females Employed worked Part-time 65-69 years Employee.","stype":"ratio","isDimension":false},{"name":"f_ewpt_65_69_es_ns","type":"java.lang.Integer","title":"Females Employed worked Part-time 65-69 years Status in employment not stated","description":"Females Employed worked Part-time 65-69 years Status in employment not stated.","stype":"ratio","isDimension":false},{"name":"f_ewpt_65_69_om_ie","type":"java.lang.Integer","title":"Females Employed worked Part-time 65-69 years Owner managers of incorporated enterprises","description":"Females Employed worked Part-time 65-69 years Owner managers of incorporated enterprises.","stype":"ratio","isDimension":false},{"name":"f_ewpt_65_69_om_uie","type":"java.lang.Integer","title":"Females Employed worked Part-time 65-69 years Owner managers of unincorporated enterprises","description":"Females Employed worked Part-time 65-69 years Owner managers of unincorporated enterprises.","stype":"ratio","isDimension":false},{"name":"f_ewpt_65_69_tot","type":"java.lang.Integer","title":"Females Employed worked Part-time 65-69 years Total","description":"Females Employed worked Part-time 65-69 years Total.","stype":"ratio","isDimension":false},{"name":"f_ewpt_70_74_cfw","type":"java.lang.Integer","title":"Females Employed worked Part-time 70-74 years Contributing family workers","description":"Females Employed worked Part-time 70-74 years Contributing family workers.","stype":"ratio","isDimension":false},{"name":"f_ewpt_70_74_e","type":"java.lang.Integer","title":"Females Employed worked Part-time 70-74 years Employee","description":"Females Employed worked Part-time 70-74 years Employee.","stype":"ratio","isDimension":false},{"name":"f_ewpt_70_74_es_ns","type":"java.lang.Integer","title":"Females Employed worked Part-time 70-74 years Status in employment not stated","description":"Females Employed worked Part-time 70-74 years Status in employment not stated.","stype":"ratio","isDimension":false},{"name":"f_ewpt_70_74_om_ie","type":"java.lang.Integer","title":"Females Employed worked Part-time 70-74 years Owner managers of incorporated enterprises","description":"Females Employed worked Part-time 70-74 years Owner managers of incorporated enterprises.","stype":"ratio","isDimension":false},{"name":"f_ewpt_70_74_om_uie","type":"java.lang.Integer","title":"Females Employed worked Part-time 70-74 years Owner managers of unincorporated enterprises","description":"Females Employed worked Part-time 70-74 years Owner managers of unincorporated enterprises.","stype":"ratio","isDimension":false},{"name":"f_ewpt_70_74_tot","type":"java.lang.Integer","title":"Females Employed worked Part-time 70-74 years Total","description":"Females Employed worked Part-time 70-74 years Total.","stype":"ratio","isDimension":false},{"name":"f_ewpt_75ov_cfw","type":"java.lang.Integer","title":"Females Employed worked Part-time 75 years and over Contributing family workers","description":"Females Employed worked Part-time 75 years and over Contributing family workers.","stype":"ratio","isDimension":false},{"name":"f_ewpt_75ov_e","type":"java.lang.Integer","title":"Females Employed worked Part-time 75 years and over Employee","description":"Females Employed worked Part-time 75 years and over Employee.","stype":"ratio","isDimension":false},{"name":"f_ewpt_75ov_es_ns","type":"java.lang.Integer","title":"Females Employed worked Part-time 75 years and over Status in employment not stated","description":"Females Employed worked Part-time 75 years and over Status in employment not stated.","stype":"ratio","isDimension":false},{"name":"f_ewpt_75ov_om_ie","type":"java.lang.Integer","title":"Females Employed worked Part-time 75 years and over Owner managers of incorporated enterprises","description":"Females Employed worked Part-time 75 years and over Owner managers of incorporated enterprises.","stype":"ratio","isDimension":false},{"name":"f_ewpt_75ov_om_uie","type":"java.lang.Integer","title":"Females Employed worked Part-time 75 years and over Owner managers of unincorporated enterprises","description":"Females Employed worked Part-time 75 years and over Owner managers of unincorporated enterprises.","stype":"ratio","isDimension":false},{"name":"f_ewpt_75ov_tot","type":"java.lang.Integer","title":"Females Employed worked Part-time 75 years and over Total","description":"Females Employed worked Part-time 75 years and over Total.","stype":"ratio","isDimension":false},{"name":"f_ewpt_tot_cfw","type":"java.lang.Integer","title":"Females Employed worked Part-time Total Contributing family workers","description":"Females Employed worked Part-time Total Contributing family workers.","stype":"ratio","isDimension":false},{"name":"f_ewpt_tot_e","type":"java.lang.Integer","title":"Females Employed worked Part-time Total Employee","description":"Females Employed worked Part-time Total Employee.","stype":"ratio","isDimension":false},{"name":"f_ewpt_tot_es_ns","type":"java.lang.Integer","title":"Females Employed worked Part-time Total Status in employment not stated","description":"Females Employed worked Part-time Total Status in employment not stated.","stype":"ratio","isDimension":false},{"name":"f_ewpt_tot_om_ie","type":"java.lang.Integer","title":"Females Employed worked Part-time Total Owner managers of incorporated enterprises","description":"Females Employed worked Part-time Total Owner managers of incorporated enterprises.","stype":"ratio","isDimension":false},{"name":"f_ewpt_tot_om_uie","type":"java.lang.Integer","title":"Females Employed worked Part-time Total Owner managers of unincorporated enterprises","description":"Females Employed worked Part-time Total Owner managers of unincorporated enterprises.","stype":"ratio","isDimension":false},{"name":"f_ewpt_tot_tot","type":"java.lang.Integer","title":"Females Employed worked Part-time Total Total","description":"Females Employed worked Part-time Total Total.","stype":"ratio","isDimension":false},{"name":"f_h_ns_cfw","type":"java.lang.Integer","title":"Females Hours worked not stated Contributing family workers","description":"Females Hours worked not stated Contributing family workers.","stype":"ratio","isDimension":false},{"name":"f_h_ns_e","type":"java.lang.Integer","title":"Females Hours worked not stated Employee","description":"Females Hours worked not stated Employee.","stype":"ratio","isDimension":false},{"name":"f_h_ns_es_ns","type":"java.lang.Integer","title":"Females Hours worked not stated Status in employment not stated","description":"Females Hours worked not stated Status in employment not stated.","stype":"ratio","isDimension":false},{"name":"f_h_ns_om_ie","type":"java.lang.Integer","title":"Females Hours worked not stated Owner managers of incorporated enterprises","description":"Females Hours worked not stated Owner managers of incorporated enterprises.","stype":"ratio","isDimension":false},{"name":"f_h_ns_om_uie","type":"java.lang.Integer","title":"Females Hours worked not stated Owner managers of unincorporated enterprises","description":"Females Hours worked not stated Owner managers of unincorporated enterprises.","stype":"ratio","isDimension":false},{"name":"f_h_ns_tot","type":"java.lang.Integer","title":"Females Hours worked not stated Total","description":"Females Hours worked not stated Total.","stype":"ratio","isDimension":false},{"name":"f_tot_cfw","type":"java.lang.Integer","title":"Females Total Contributing family workers","description":"Females Total Contributing family workers.","stype":"ratio","isDimension":false},{"name":"f_tot_e","type":"java.lang.Integer","title":"Females Total Employee","description":"Females Total Employee.","stype":"ratio","isDimension":false},{"name":"f_tot_es_ns","type":"java.lang.Integer","title":"Females Total Status in employment not stated","description":"Females Total Status in employment not stated.","stype":"ratio","isDimension":false},{"name":"f_tot_om_ie","type":"java.lang.Integer","title":"Females Total Owner managers of incorporated enterprises","description":"Females Total Owner managers of incorporated enterprises.","stype":"ratio","isDimension":false},{"name":"f_tot_om_uie","type":"java.lang.Integer","title":"Females Total Owner managers of unincorporated enterprises","description":"Females Total Owner managers of unincorporated enterprises.","stype":"ratio","isDimension":false},{"name":"f_tot_tot","type":"java.lang.Integer","title":"Females Total Total","description":"Females Total Total.","stype":"ratio","isDimension":false},{"name":"lga_name16","type":"java.lang.String","title":"LGA Name 2016","description":"LGA Name 2016.","stype":"nominal","isDimension":false},{"name":"p_ewft_15_19_cfw","type":"java.lang.Integer","title":"Persons Employed worked Full-time 15-19 years Contributing family workers","description":"Persons Employed worked Full-time 15-19 years Contributing family workers.","stype":"ratio","isDimension":false},{"name":"p_ewft_15_19_e","type":"java.lang.Integer","title":"Persons Employed worked Full-time 15-19 years Employee","description":"Persons Employed worked Full-time 15-19 years Employee.","stype":"ratio","isDimension":false},{"name":"p_ewft_15_19_es_ns","type":"java.lang.Integer","title":"Persons Employed worked Full-time 15-19 years Status in employment not stated","description":"Persons Employed worked Full-time 15-19 years Status in employment not stated.","stype":"ratio","isDimension":false},{"name":"p_ewft_15_19_om_ie","type":"java.lang.Integer","title":"Persons Employed worked Full-time 15-19 years Owner managers of incorporated enterprises","description":"Persons Employed worked Full-time 15-19 years Owner managers of incorporated enterprises.","stype":"ratio","isDimension":false},{"name":"p_ewft_15_19_om_uie","type":"java.lang.Integer","title":"Persons Employed worked Full-time 15-19 years Owner managers of unincorporated enterprises","description":"Persons Employed worked Full-time 15-19 years Owner managers of unincorporated enterprises.","stype":"ratio","isDimension":false},{"name":"p_ewft_15_19_tot","type":"java.lang.Integer","title":"Persons Employed worked Full-time 15-19 years Total","description":"Persons Employed worked Full-time 15-19 years Total.","stype":"ratio","isDimension":false},{"name":"p_ewft_20_24_cfw","type":"java.lang.Integer","title":"Persons Employed worked Full-time 20-24 years Contributing family workers","description":"Persons Employed worked Full-time 20-24 years Contributing family workers.","stype":"ratio","isDimension":false},{"name":"p_ewft_20_24_e","type":"java.lang.Integer","title":"Persons Employed worked Full-time 20-24 years Employee","description":"Persons Employed worked Full-time 20-24 years Employee.","stype":"ratio","isDimension":false},{"name":"p_ewft_20_24_es_ns","type":"java.lang.Integer","title":"Persons Employed worked Full-time 20-24 years Status in employment not stated","description":"Persons Employed worked Full-time 20-24 years Status in employment not stated.","stype":"ratio","isDimension":false},{"name":"p_ewft_20_24_om_ie","type":"java.lang.Integer","title":"Persons Employed worked Full-time 20-24 years Owner managers of incorporated enterprises","description":"Persons Employed worked Full-time 20-24 years Owner managers of incorporated enterprises.","stype":"ratio","isDimension":false},{"name":"p_ewft_20_24_om_uie","type":"java.lang.Integer","title":"Persons Employed worked Full-time 20-24 years Owner managers of unincorporated enterprises","description":"Persons Employed worked Full-time 20-24 years Owner managers of unincorporated enterprises.","stype":"ratio","isDimension":false},{"name":"p_ewft_20_24_tot","type":"java.lang.Integer","title":"Persons Employed worked Full-time 20-24 years Total","description":"Persons Employed worked Full-time 20-24 years Total.","stype":"ratio","isDimension":false},{"name":"p_ewft_25_29_cfw","type":"java.lang.Integer","title":"Persons Employed worked Full-time 25-29 years Contributing family workers","description":"Persons Employed worked Full-time 25-29 years Contributing family workers.","stype":"ratio","isDimension":false},{"name":"p_ewft_25_29_e","type":"java.lang.Integer","title":"Persons Employed worked Full-time 25-29 years Employee","description":"Persons Employed worked Full-time 25-29 years Employee.","stype":"ratio","isDimension":false},{"name":"p_ewft_25_29_es_ns","type":"java.lang.Integer","title":"Persons Employed worked Full-time 25-29 years Status in employment not stated","description":"Persons Employed worked Full-time 25-29 years Status in employment not stated.","stype":"ratio","isDimension":false},{"name":"p_ewft_25_29_om_ie","type":"java.lang.Integer","title":"Persons Employed worked Full-time 25-29 years Owner managers of incorporated enterprises","description":"Persons Employed worked Full-time 25-29 years Owner managers of incorporated enterprises.","stype":"ratio","isDimension":false},{"name":"p_ewft_25_29_om_uie","type":"java.lang.Integer","title":"Persons Employed worked Full-time 25-29 years Owner managers of unincorporated enterprises","description":"Persons Employed worked Full-time 25-29 years Owner managers of unincorporated enterprises.","stype":"ratio","isDimension":false},{"name":"p_ewft_25_29_tot","type":"java.lang.Integer","title":"Persons Employed worked Full-time 25-29 years Total","description":"Persons Employed worked Full-time 25-29 years Total.","stype":"ratio","isDimension":false},{"name":"p_ewft_30_34_cfw","type":"java.lang.Integer","title":"Persons Employed worked Full-time 30-34 years Contributing family workers","description":"Persons Employed worked Full-time 30-34 years Contributing family workers.","stype":"ratio","isDimension":false},{"name":"p_ewft_30_34_e","type":"java.lang.Integer","title":"Persons Employed worked Full-time 30-34 years Employee","description":"Persons Employed worked Full-time 30-34 years Employee.","stype":"ratio","isDimension":false},{"name":"p_ewft_30_34_es_ns","type":"java.lang.Integer","title":"Persons Employed worked Full-time 30-34 years Status in employment not stated","description":"Persons Employed worked Full-time 30-34 years Status in employment not stated.","stype":"ratio","isDimension":false},{"name":"p_ewft_30_34_om_ie","type":"java.lang.Integer","title":"Persons Employed worked Full-time 30-34 years Owner managers of incorporated enterprises","description":"Persons Employed worked Full-time 30-34 years Owner managers of incorporated enterprises.","stype":"ratio","isDimension":false},{"name":"p_ewft_30_34_om_uie","type":"java.lang.Integer","title":"Persons Employed worked Full-time 30-34 years Owner managers of unincorporated enterprises","description":"Persons Employed worked Full-time 30-34 years Owner managers of unincorporated enterprises.","stype":"ratio","isDimension":false},{"name":"p_ewft_30_34_tot","type":"java.lang.Integer","title":"Persons Employed worked Full-time 30-34 years Total","description":"Persons Employed worked Full-time 30-34 years Total.","stype":"ratio","isDimension":false},{"name":"p_ewft_35_39_cfw","type":"java.lang.Integer","title":"Persons Employed worked Full-time 35-39 years Contributing family workers","description":"Persons Employed worked Full-time 35-39 years Contributing family workers.","stype":"ratio","isDimension":false},{"name":"p_ewft_35_39_e","type":"java.lang.Integer","title":"Persons Employed worked Full-time 35-39 years Employee","description":"Persons Employed worked Full-time 35-39 years Employee.","stype":"ratio","isDimension":false},{"name":"p_ewft_35_39_om_ie","type":"java.lang.Integer","title":"Persons Employed worked Full-time 35-39 years Owner managers of incorporated enterprises","description":"Persons Employed worked Full-time 35-39 years Owner managers of incorporated enterprises.","stype":"ratio","isDimension":false},{"name":"p_ewft_35_39_om_uie","type":"java.lang.Integer","title":"Persons Employed worked Full-time 35-39 years Owner managers of unincorporated enterprises","description":"Persons Employed worked Full-time 35-39 years Owner managers of unincorporated enterprises.","stype":"ratio","isDimension":false}],"filter":{"filterType":"tabular","feature":{"key":"lga_code16","geoLevel":"lga2016","geoField":"ignored","year":"2006","featureBbox":[140.961681984,-39.159189527500004,149.976679008,-33.9806475865],"featureType":"ste","featureInstance":"2","featureName":"Victoria","referenceSystemIdentifier":"urn:x-ogc:def:crs:EPSG:4283","prefix":"","keyTransform":null},"states":["2"]}}