{"organisation":"AU_Govt_ABS","name":"lga_dbr_income_edu_empl_hlth_2011_16","title":"LGA Data by Region - Income, Education, Employment and Health 2011-2016","legal":{"copyrightYear":"2017","attributionYear":"2017","attribution":"{datasource.organisationTitle}, ({dataset.attributionYear}): {dataset.title}; accessed from AURIN Portal on {dateOfAccess}.","clickthrough":false,"licenceType":"Creative Commons Attribution 2.5 Australia (CC BY 2.5 AU)","copyrightNotice":"&copy; {datasource.organisationTitle} {dataset.copyrightYear}"},"referenceSystemIdentifier":"urn:x-ogc:def:crs:EPSG:4283","geoLevel":"lga2016","key":"lga_code16","keyRegex":null,"availability":"true","geomField":"wkb_geometry","keyword":"income,education,LGA,employment,health,aggregated,abs,aus,Australia","theme":null,"temporalExtent":{"beginDate":"2011-01-01T00:00:00","endDate":"2016-12-31T00:00:00","selectTime":false},"type":"dataset","_id":"dataset-AU_Govt_ABS-lga_dbr_income_edu_empl_hlth_2011_16-lga2016","bbox":null,"abstract":"This dataset presents the income, education, employment and health data available from the ABS's Data by Region statistics. This dataset is based on the 2016 Local Government Areas boundaries, and covers data for individual years between 2011 and 2016. The dataset includes information in the following specified areas of employment, education and health: Personal Income, Capital Gains, Government Allowances, Household Income, Childhood Education Enrollment, Post School Qualifications, HELP Repayments, Occupation, Disability Estimates, Health Estimated and Private Health.<br/><br/>\n\nData by Region contains a standard set of data for each region type, depending on the availability of statistics for particular geographies. Data are sourced from a wide variety of collections, both ABS and non-ABS. When analysing these statistics, care needs to be taken as time periods, definitions, methodologies, scope and coverage can differ across collections. Where available, data have been presented as a time series - to enable users to assess changes over time. However, when looked at on a period to period basis, some series may sometimes appear volatile. When analysing the data, users are encouraged to consider the longer term behaviour of the series, where this extra information is available. All data presented are on geographic boundaries as described in the 2016 edition of the ASGS.<br/><br/>\n\nThis data is ABS data (catalogue number: 1410.0) used with permission from the Australian Bureau of Statistics.<br/><br/>\n\nFor more information please visit the <a href=\"http://www.abs.gov.au/AUSSTATS/abs@.nsf/Lookup/1410.0Explanatory%20Notes12011-16?OpenDocument#INCOME\" target=\"_blank\">Australian Bureau of Statistics</a>.<br/><br/>\n\nNotes: \n<ul>\n<li>Some data values in Data by Region have been randomly adjusted or suppressed to avoid the release of confidential details.</li>\n<li>RRMSE is the relative root mean square error and it provides an indication of the deviation of the modelled estimate from the true value.\n</li>\n</ul>","selectedAttributes":[{"name":"year","type":"java.lang.Integer","title":"Year","description":"year","stype":"ordinal","categories":[{"key":"2011","label":"2011"},{"key":"2012","label":"2012"},{"key":"2013","label":"2013"},{"key":"2014","label":"2014"},{"key":"2015","label":"2015"},{"key":"2016","label":"2016"}],"filterValue":"2016","isDimension":true},{"name":"lga_code16","type":"java.lang.String","title":"LGA Code 2016","description":"lga_code16","stype":"ratio","isDimension":false},{"name":"gcg_amount_","type":"java.lang.Double","title":"Gross Capital Gains Reported By Taxpayers - Gross Capital Gains - Amount  ($m)","description":"gcg_amount_","stype":"ratio","isDimension":false},{"name":"gcg_mdn_$","type":"java.lang.Double","title":"Gross Capital Gains Reported By Taxpayers - Gross Capital Gains - Median ($)","description":"gcg_mdn_$","stype":"ratio","isDimension":false},{"name":"gcg_mean_$","type":"java.lang.Double","title":"Gross Capital Gains Reported By Taxpayers - Gross Capital Gains - Mean ($)","description":"gcg_mean_$","stype":"ratio","isDimension":false},{"name":"gcg_persons_cnt","type":"java.lang.Integer","title":"Gross Capital Gains Reported By Taxpayers - Gross Capital Gains - Persons (no.)","description":"gcg_persons_cnt","stype":"ratio","isDimension":false},{"name":"gov_allo_ft_stu_appren_cnt","type":"java.lang.Integer","title":"Selected Government Pensions & Allowances - Youth Allowance (Full time students/apprentices) (no.)","description":"gov_allo_ft_stu_appren_cnt","stype":"ratio","isDimension":false},{"name":"gov_allo_youth_cnt","type":"java.lang.Integer","title":"Selected Government Pensions & Allowances - Youth Allowance (Other) (no.)","description":"gov_allo_youth_cnt","stype":"ratio","isDimension":false},{"name":"gov_fml_tax_bnft_a_cnt","type":"java.lang.Integer","title":"Selected Government Pensions & Allowances - Family Tax Benefit A (no.)","description":"gov_fml_tax_bnft_a_cnt","stype":"ratio","isDimension":false},{"name":"gov_fml_tax_bnft_b_cnt","type":"java.lang.Integer","title":"Selected Government Pensions & Allowances - Family Tax Benefit B (no.)","description":"gov_fml_tax_bnft_b_cnt","stype":"ratio","isDimension":false},{"name":"gov_fml_tax_bnft_tot_cnt","type":"java.lang.Integer","title":"Selected Government Pensions & Allowances - Total Family Tax Benefit recipients (no.)","description":"gov_fml_tax_bnft_tot_cnt","stype":"ratio","isDimension":false},{"name":"gov_pen_age_dva_cnt","type":"java.lang.Integer","title":"Selected Government Pensions & Allowances - Age Pension - DVA (no.)","description":"gov_pen_age_dva_cnt","stype":"ratio","isDimension":false},{"name":"gov_pen_age_pen_cntrlnk_cnt","type":"java.lang.Integer","title":"Selected Government Pensions & Allowances - Age Pension - Centrelink (no.)","description":"gov_pen_age_pen_cntrlnk_cnt","stype":"ratio","isDimension":false},{"name":"gov_pen_carer_cnt","type":"java.lang.Integer","title":"Selected Government Pensions & Allowances - Carer Payment (no.)","description":"gov_pen_carer_cnt","stype":"ratio","isDimension":false},{"name":"gov_pen_dsbl_supp_cnt","type":"java.lang.Integer","title":"Selected Government Pensions & Allowances - Disability Support Pension (no.)","description":"gov_pen_dsbl_supp_cnt","stype":"ratio","isDimension":false},{"name":"gov_pen_newstart_cnt","type":"java.lang.Integer","title":"Selected Government Pensions & Allowances - Newstart Allowance (no.)","description":"gov_pen_newstart_cnt","stype":"ratio","isDimension":false},{"name":"gov_pen_newstart_over365days_%","type":"java.lang.Double","title":"Selected Government Pensions & Allowances - Newstart Allowance - more than 365 days (%)","description":"gov_pen_newstart_over365days_%","stype":"ratio","isDimension":false},{"name":"gov_pen_prnt_sngl_cnt","type":"java.lang.Integer","title":"Selected Government Pensions & Allowances - Parenting Payment - Single (no.)","description":"gov_pen_prnt_sngl_cnt","stype":"ratio","isDimension":false},{"name":"gov_pen_srv_dva_cnt","type":"java.lang.Integer","title":"Selected Government Pensions & Allowances - Service Pension - DVA (no.)","description":"gov_pen_srv_dva_cnt","stype":"ratio","isDimension":false},{"name":"gov_pen_supp_dva_cnt","type":"java.lang.Integer","title":"Selected Government Pensions & Allowances - Income Support Supplement - DVA (no.)","description":"gov_pen_supp_dva_cnt","stype":"ratio","isDimension":false},{"name":"hg_edu_comp_yr_10_%","type":"java.lang.Double","title":"Highest Year Of School Completed - Persons Aged 15 Years And Over  - Completed Year 10 or equivalent  (%)","description":"hg_edu_comp_yr_10_%","stype":"ratio","isDimension":false},{"name":"hg_edu_comp_yr_11_%","type":"java.lang.Double","title":"Highest Year Of School Completed - Persons Aged 15 Years And Over  - Completed Year 11 or equivalent  (%)","description":"hg_edu_comp_yr_11_%","stype":"ratio","isDimension":false},{"name":"hg_edu_comp_yr_12_%","type":"java.lang.Double","title":"Highest Year Of School Completed - Persons Aged 15 Years And Over  - Completed Year 12 or equivalent  (%)","description":"hg_edu_comp_yr_12_%","stype":"ratio","isDimension":false},{"name":"hg_edu_comp_yr_8_or_blw_%","type":"java.lang.Double","title":"Highest Year Of School Completed - Persons Aged 15 Years And Over  - Completed Year 8 or below (%)","description":"hg_edu_comp_yr_8_or_blw_%","stype":"ratio","isDimension":false},{"name":"hg_edu_comp_yr_9_%","type":"java.lang.Double","title":"Highest Year Of School Completed - Persons Aged 15 Years And Over  - Completed Year 9 or equivalent  (%)","description":"hg_edu_comp_yr_9_%","stype":"ratio","isDimension":false},{"name":"hg_edu_no_sch_%","type":"java.lang.Double","title":"Highest Year Of School Completed - Persons Aged 15 Years And Over  - Did not go to school (%)","description":"hg_edu_no_sch_%","stype":"ratio","isDimension":false},{"name":"higher_edu_help_loan_cnt","type":"java.lang.Integer","title":"Higher Education Loan Program (Help) Repayments - Taxpayers with HELP repayment (no.)","description":"higher_edu_help_loan_cnt","stype":"ratio","isDimension":false},{"name":"inc_earner_excl_gov_pen_mdn_age_yr","type":"java.lang.Double","title":"Estimates Of Personal Income - Total income earners  - median age (years)","description":"Excludes government pensions.","stype":"ratio","isDimension":false},{"name":"inc_earner_excl_gov_pen_tot_cnt","type":"java.lang.Integer","title":"Estimates Of Personal Income -  Total income earners (no.)","description":"Excludes government pensions.","stype":"ratio","isDimension":false},{"name":"inc_empl_main_src_%","type":"java.lang.Double","title":"Estimates Of Personal Income - Employee income as main source of income (%)","description":"inc_empl_main_src_%","stype":"ratio","isDimension":false},{"name":"inc_employee_earner_cnt","type":"java.lang.Integer","title":"Estimates Of Personal Income - Employee income earners (no.)","description":"inc_employee_earner_cnt","stype":"ratio","isDimension":false},{"name":"inc_employee_earner_mdn_age_yr","type":"java.lang.Double","title":"Estimates Of Personal Income - Employee income earners - median age  (years)","description":"inc_employee_earner_mdn_age_yr","stype":"ratio","isDimension":false},{"name":"inc_excl_gov_pen_mdn_tot_$","type":"java.lang.Double","title":"Estimates Of Personal Income - Median Total income ($)","description":"Excludes government pensions.","stype":"ratio","isDimension":false},{"name":"inc_excl_gov_pen_mean_tot_$","type":"java.lang.Double","title":"Estimates Of Personal Income - Mean Total income ($)","description":"Excludes government pensions.","stype":"ratio","isDimension":false},{"name":"inc_excl_gov_pen_tot_","type":"java.lang.Double","title":"Estimates Of Personal Income - Total income ($m)","description":"Excludes government pensions.","stype":"ratio","isDimension":false},{"name":"inc_hshld_wkly_mdn_equvlsed_$","type":"java.lang.Double","title":"Equivalised Total Household Income - Family, Lone Person And Group Households - Median income (weekly) ($)","description":"inc_hshld_wkly_mdn_equvlsed_$","stype":"ratio","isDimension":false},{"name":"inc_inv_earner_cnt","type":"java.lang.Integer","title":"Estimates Of Personal Income - Investment income earners (no.)","description":"inc_inv_earner_cnt","stype":"ratio","isDimension":false},{"name":"inc_inv_main_src_%","type":"java.lang.Double","title":"Estimates Of Personal Income - Investment income as main source of income (%)","description":"inc_inv_main_src_%","stype":"ratio","isDimension":false},{"name":"inc_inv_mdn_$","type":"java.lang.Double","title":"Estimates Of Personal Income - Median Investment income ($)","description":"inc_inv_mdn_$","stype":"ratio","isDimension":false},{"name":"inc_inv_mdn_age_yr","type":"java.lang.Double","title":"Estimates Of Personal Income - Investment income earners - median age (years)","description":"inc_inv_mdn_age_yr","stype":"ratio","isDimension":false},{"name":"inc_inv_mean_$","type":"java.lang.Double","title":"Estimates Of Personal Income - Mean Investment income ($)","description":"inc_inv_mean_$","stype":"ratio","isDimension":false},{"name":"inc_inv_tot_","type":"java.lang.Double","title":"Estimates Of Personal Income - Total Investment income ($m)","description":"inc_inv_tot_","stype":"ratio","isDimension":false},{"name":"inc_mdn_empl_inc_$","type":"java.lang.Double","title":"Estimates Of Personal Income - Median Employee income ($)","description":"inc_mdn_empl_inc_$","stype":"ratio","isDimension":false},{"name":"inc_mean_empl_inc_$","type":"java.lang.Double","title":"Estimates Of Personal Income - Mean Employee income ($)","description":"inc_mean_empl_inc_$","stype":"ratio","isDimension":false},{"name":"inc_other_excl_gov_pen_cnt","type":"java.lang.Integer","title":"Estimates Of Personal Income - Other income earners (no.)","description":"Excludes government pensions.","stype":"ratio","isDimension":false},{"name":"inc_other_excl_gov_pen_main_src_%","type":"java.lang.Double","title":"Estimates Of Personal Income - Other income  as main source of income (%)","description":"Excludes government pensions.","stype":"ratio","isDimension":false},{"name":"inc_other_excl_gov_pen_mdn_$","type":"java.lang.Double","title":"Estimates Of Personal Income - Median Other income ($)","description":"Excludes government pensions.","stype":"ratio","isDimension":false},{"name":"inc_other_excl_gov_pen_mdn_age_yr","type":"java.lang.Double","title":"Estimates Of Personal Income - Other income earners  - median age (years)","description":"Excludes government pensions.","stype":"ratio","isDimension":false},{"name":"inc_other_excl_gov_pen_mean_$","type":"java.lang.Double","title":"Estimates Of Personal Income - Mean Other income ($)","description":"Excludes government pensions.","stype":"ratio","isDimension":false},{"name":"inc_other_excl_gov_pen_tot_","type":"java.lang.Double","title":"Estimates Of Personal Income - Total Other income ($m)","description":"Excludes government pensions.","stype":"ratio","isDimension":false},{"name":"inc_over15_wkly_1000_1999_%","type":"java.lang.Double","title":"Total Personal Income (Weekly) - Persons Over 15 Years - Persons earning $1000-$1999 per week (%)","description":"inc_over15_wkly_1000_1999_%","stype":"ratio","isDimension":false},{"name":"inc_over15_wkly_1_499_%","type":"java.lang.Double","title":"Total Personal Income (Weekly) - Persons Over 15 Years - Persons earning $1-$499 per week (%)","description":"inc_over15_wkly_1_499_%","stype":"ratio","isDimension":false},{"name":"inc_over15_wkly_2000_2999_%","type":"java.lang.Double","title":"Total Personal Income (Weekly) - Persons Over 15 Years - Persons earning $2000-$2999 per week (%)","description":"inc_over15_wkly_2000_2999_%","stype":"ratio","isDimension":false},{"name":"inc_over15_wkly_500_999_%","type":"java.lang.Double","title":"Total Personal Income (Weekly) - Persons Over 15 Years - Persons earning $500-$999 per week (%)","description":"inc_over15_wkly_500_999_%","stype":"ratio","isDimension":false},{"name":"inc_over15_wkly_negative_%","type":"java.lang.Double","title":"Total Personal Income (Weekly) - Persons Over 15 Years - Persons with a negative income (%)","description":"inc_over15_wkly_negative_%","stype":"ratio","isDimension":false},{"name":"inc_over15_wkly_over_3k_%","type":"java.lang.Double","title":"Total Personal Income (Weekly) - Persons Over 15 Years - Persons earning $3000 or more per week (%)","description":"inc_over15_wkly_over_3k_%","stype":"ratio","isDimension":false},{"name":"inc_over15_wkly_zero_%","type":"java.lang.Double","title":"Total Personal Income (Weekly) - Persons Over 15 Years - Persons earning nil income (%)","description":"inc_over15_wkly_zero_%","stype":"ratio","isDimension":false},{"name":"inc_own_unincorop_bus_cnt","type":"java.lang.Integer","title":"Estimates Of Personal Income - Own unincorporated business income earners (no.)","description":"inc_own_unincorop_bus_cnt","stype":"ratio","isDimension":false},{"name":"inc_own_unincorp_bus_main_src_%","type":"java.lang.Double","title":"Estimates Of Personal Income - Own unincorporated business income as main source of income  (%)","description":"inc_own_unincorp_bus_main_src_%","stype":"ratio","isDimension":false},{"name":"inc_own_unincorp_bus_mdn_$","type":"java.lang.Double","title":"Estimates Of Personal Income - Median Own unincorporated business income ($)","description":"inc_own_unincorp_bus_mdn_$","stype":"ratio","isDimension":false},{"name":"inc_own_unincorp_bus_mdn_age_yr","type":"java.lang.Double","title":"Estimates Of Personal Income - Own unincorporated business income earners - median age  (years)","description":"inc_own_unincorp_bus_mdn_age_yr","stype":"ratio","isDimension":false},{"name":"inc_own_unincorp_bus_mean_$","type":"java.lang.Double","title":"Estimates Of Personal Income - Mean Own unincorporated business income ($)","description":"inc_own_unincorp_bus_mean_$","stype":"ratio","isDimension":false},{"name":"inc_own_unincorp_bus_tot_","type":"java.lang.Double","title":"Estimates Of Personal Income - Total Own unincorporated business income ($m)","description":"inc_own_unincorp_bus_tot_","stype":"ratio","isDimension":false},{"name":"inc_super_earner_cnt","type":"java.lang.Double","title":"Estimates Of Personal Income - Superannuation and annuity income earners (no.)","description":"inc_super_earner_cnt","stype":"ratio","isDimension":false},{"name":"inc_super_main_src_%","type":"java.lang.Double","title":"Estimates Of Personal Income - Superannuation and annuity income as main source of income (%)","description":"inc_super_main_src_%","stype":"ratio","isDimension":false},{"name":"inc_super_mdn_$","type":"java.lang.Double","title":"Estimates Of Personal Income - Median Superannuation and annuity income ($)","description":"inc_super_mdn_$","stype":"ratio","isDimension":false},{"name":"inc_super_mdn_age_yr","type":"java.lang.Double","title":"Estimates Of Personal Income - Superannuation and annuity income earners - median age (years)","description":"inc_super_mdn_age_yr","stype":"ratio","isDimension":false},{"name":"inc_super_mean_$","type":"java.lang.Double","title":"Estimates Of Personal Income - Mean Superannuation and annuity income ($)","description":"inc_super_mean_$","stype":"ratio","isDimension":false},{"name":"inc_super_tot_","type":"java.lang.Double","title":"Estimates Of Personal Income - Total Superannuation and annuity income ($m)","description":"inc_super_tot_","stype":"ratio","isDimension":false},{"name":"inc_tot_empl_inc_","type":"java.lang.Double","title":"Estimates Of Personal Income - Total Employee income ($m)","description":"inc_tot_empl_inc_","stype":"ratio","isDimension":false},{"name":"inc_tot_excl_gov_pen_3rd_quartile_%","type":"java.lang.Double","title":"Estimates Of Personal Income - Total income  - Third Quartile (%)","description":"Excludes government pensions and allowances.","stype":"ratio","isDimension":false},{"name":"inc_tot_excl_gov_pen_gini_coef","type":"java.lang.Double","title":"Estimates Of Personal Income - Total income  - Gini coefficient (no.)","description":"Excludes government pensions and allowances.","stype":"ratio","isDimension":false},{"name":"inc_tot_excl_gov_pen_lowest_quartile_%","type":"java.lang.Double","title":"Estimates Of Personal Income - Total income  - Lowest Quartile (%)","description":"Excludes government pensions and allowances.","stype":"ratio","isDimension":false},{"name":"inc_tot_excl_gov_pen_p10_p50_ratio","type":"java.lang.Double","title":"Estimates Of Personal Income - Total income  - P10/P50 ( ratio)","description":"Excludes government pensions and allowances.","stype":"ratio","isDimension":false},{"name":"inc_tot_excl_gov_pen_p20_p50_ratio","type":"java.lang.Double","title":"Estimates Of Personal Income - Total income  - P20/P50  (ratio)","description":"Excludes government pensions and allowances.","stype":"ratio","isDimension":false},{"name":"inc_tot_excl_gov_pen_p80_p20_ratio","type":"java.lang.Double","title":"Estimates Of Personal Income - Total income  - P80/P20 (ratio)","description":"Excludes government pensions and allowances.","stype":"ratio","isDimension":false},{"name":"inc_tot_excl_gov_pen_p80_p50_ratio","type":"java.lang.Double","title":"Estimates Of Personal Income - Total income  - P80/P50 (ratio)","description":"Excludes government pensions and allowances.","stype":"ratio","isDimension":false},{"name":"inc_tot_excl_gov_pen_top_10percent_%","type":"java.lang.Double","title":"Estimates Of Personal Income - Total income  - Income share of top 10% of earners (%)","description":"Excludes government pensions and allowances.","stype":"ratio","isDimension":false},{"name":"inc_tot_excl_gov_pen_top_1percent_%","type":"java.lang.Double","title":"Estimates Of Personal Income - Total income  - Income share of top 1% of earners (%)","description":"Excludes government pensions and allowances.","stype":"ratio","isDimension":false},{"name":"inc_tot_excl_gov_pen_top_2nd_quartile_%","type":"java.lang.Double","title":"Estimates Of Personal Income - Total income  - Second Quartile (%)","description":"Excludes government pensions and allowances.","stype":"ratio","isDimension":false},{"name":"inc_tot_excl_gov_pen_top_5percent_%","type":"java.lang.Double","title":"Estimates Of Personal Income - Total income  - Income share of top 5% of earners (%)","description":"Excludes government pensions and allowances.","stype":"ratio","isDimension":false},{"name":"inc_tot_excl_gov_pen_top_quartile_%","type":"java.lang.Double","title":"Estimates Of Personal Income - Total income  - Highest Quartile (%)","description":"Excludes government pensions and allowances.","stype":"ratio","isDimension":false},{"name":"lbr_stat_labour_force_cnt","type":"java.lang.Integer","title":"Labour Force Statistics - Labour Force (no.)","description":"lbr_stat_labour_force_cnt","stype":"ratio","isDimension":false},{"name":"lbr_stat_particip_rate_%","type":"java.lang.Double","title":"Labour Force Statistics -  Participation rate (%)","description":"lbr_stat_particip_rate_%","stype":"ratio","isDimension":false},{"name":"lbr_stat_unempl_cnt","type":"java.lang.Integer","title":"Labour Force Statistics - Unemployed (no.)","description":"lbr_stat_unempl_cnt","stype":"ratio","isDimension":false},{"name":"lbr_stat_unempl_rate_%","type":"java.lang.Double","title":"Labour Force Statistics - Unemployment rate (%)","description":"lbr_stat_unempl_rate_%","stype":"ratio","isDimension":false},{"name":"lga_name16","type":"java.lang.String","title":"LGA Name 2016","description":"lga_name16","stype":"ratio","isDimension":false},{"name":"occ_clerical_admin_%","type":"java.lang.Double","title":"Occupation Of Employed Persons - Clerical, Administrative Workers (%)","description":"occ_clerical_admin_%","stype":"ratio","isDimension":false},{"name":"occ_comm_peronal_srv_%","type":"java.lang.Double","title":"Occupation Of Employed Persons - Community, Personal Service Workers (%)","description":"occ_comm_peronal_srv_%","stype":"ratio","isDimension":false},{"name":"occ_labourer_%","type":"java.lang.Double","title":"Occupation Of Employed Persons - Labourers (%)","description":"occ_labourer_%","stype":"ratio","isDimension":false},{"name":"occ_manager_%","type":"java.lang.Double","title":"Occupation Of Employed Persons - Managers (%)","description":"occ_manager_%","stype":"ratio","isDimension":false},{"name":"occ_mchnry_opr_drv_%","type":"java.lang.Double","title":"Occupation Of Employed Persons - Machinery Operators, Drivers (%)","description":"occ_mchnry_opr_drv_%","stype":"ratio","isDimension":false},{"name":"occ_not_stated_%","type":"java.lang.Double","title":"Occupation Of Employed Persons - Inadequately Described, Not Stated (%)","description":"occ_not_stated_%","stype":"ratio","isDimension":false},{"name":"occ_professional_%","type":"java.lang.Double","title":"Occupation Of Employed Persons - Professionals (%)","description":"occ_professional_%","stype":"ratio","isDimension":false},{"name":"occ_sales_worker_%","type":"java.lang.Double","title":"Occupation Of Employed Persons - Sales Workers (%)","description":"occ_sales_worker_%","stype":"ratio","isDimension":false},{"name":"occ_tech_trd_worker_%","type":"java.lang.Double","title":"Occupation Of Employed Persons - Technicians and Trades Workers (%)","description":"occ_tech_trd_worker_%","stype":"ratio","isDimension":false},{"name":"persons_dsbl_prv_dwl_%","type":"java.lang.Double","title":"Disability Estimates (Modelled) - 2012 -  (%)","description":"persons_dsbl_prv_dwl_%","stype":"ratio","isDimension":false},{"name":"persons_dsbl_prv_dwl_cnt","type":"java.lang.Integer","title":"Disability Estimates (Modelled) - 2012 - Persons with a disability living in private dwellings (no.)","description":"persons_dsbl_prv_dwl_cnt","stype":"ratio","isDimension":false},{"name":"persons_need_assist_core_activities_%","type":"java.lang.Double","title":"Core Activity Need For Assistance  - Persons who have need for assistance with core activities (%)","description":"persons_need_assist_core_activities_%","stype":"ratio","isDimension":false},{"name":"post_sch_adv_dplm_or_dplm_%","type":"java.lang.Double","title":"Persons With Post School Qualifications - Advanced Diploma, or Diploma  (%)","description":"post_sch_adv_dplm_or_dplm_%","stype":"ratio","isDimension":false},{"name":"post_sch_bachelor_%","type":"java.lang.Double","title":"Persons With Post School Qualifications - Bachelor Degree (%)","description":"post_sch_bachelor_%","stype":"ratio","isDimension":false},{"name":"post_sch_cert_%","type":"java.lang.Double","title":"Persons With Post School Qualifications - Certificate (%)","description":"post_sch_cert_%","stype":"ratio","isDimension":false},{"name":"post_sch_grad_dplm_grad_cert_%","type":"java.lang.Double","title":"Persons With Post School Qualifications - Graduate Diploma, Graduate Certificate (%)","description":"post_sch_grad_dplm_grad_cert_%","stype":"ratio","isDimension":false},{"name":"post_sch_not_stated_%","type":"java.lang.Double","title":"Persons With Post School Qualifications - Inadequately described, not stated (%)","description":"post_sch_not_stated_%","stype":"ratio","isDimension":false},{"name":"post_sch_over_15_yrs_%","type":"java.lang.Double","title":"Persons With Post School Qualifications - Percentage of total population aged 15 years and over (%)","description":"post_sch_over_15_yrs_%","stype":"ratio","isDimension":false},{"name":"post_sch_postgrad_%","type":"java.lang.Double","title":"Persons With Post School Qualifications - Postgraduate degree (%)","description":"post_sch_postgrad_%","stype":"ratio","isDimension":false},{"name":"taxpayers_prv_hlth_insurance_cnt","type":"java.lang.Integer","title":"Private Health - Taxpayers who report having private health insurance  (no.)","description":"taxpayers_prv_hlth_insurance_cnt","stype":"ratio","isDimension":false},{"name":"yth_engm_15_19_yrs_tot_cnt","type":"java.lang.Integer","title":"Youth Engagement In Work/Study - Total - aged 15-19 years (no.)","description":"yth_engm_15_19_yrs_tot_cnt","stype":"ratio","isDimension":false},{"name":"yth_engm_fully_engaged_%","type":"java.lang.Double","title":"Youth Engagement In Work/Study - Fully engaged (%)","description":"yth_engm_fully_engaged_%","stype":"ratio","isDimension":false},{"name":"yth_engm_not_wrk_stu_ft_%","type":"java.lang.Double","title":"Youth Engagement In Work/Study - Studying full-time (not working) (%)","description":"yth_engm_not_wrk_stu_ft_%","stype":"ratio","isDimension":false},{"name":"yth_engm_wrk_ft_not_stu_%","type":"java.lang.Double","title":"Youth Engagement In Work/Study - Working full-time (not studying) (%)","description":"yth_engm_wrk_ft_not_stu_%","stype":"ratio","isDimension":false},{"name":"yth_engm_wrk_ft_stu_ft_%","type":"java.lang.Double","title":"Youth Engagement In Work/Study - Working full-time & studying full-time (%)","description":"yth_engm_wrk_ft_stu_ft_%","stype":"ratio","isDimension":false},{"name":"yth_engm_wrk_ft_stu_pt_%","type":"java.lang.Double","title":"Youth Engagement In Work/Study - Working full-time & studying part-time (%)","description":"yth_engm_wrk_ft_stu_pt_%","stype":"ratio","isDimension":false},{"name":"yth_engm_wrk_pt_stu_ft_%","type":"java.lang.Double","title":"Youth Engagement In Work/Study - Working part-time & studying full-time (%)","description":"yth_engm_wrk_pt_stu_ft_%","stype":"ratio","isDimension":false},{"name":"yth_engm_wrk_pt_stu_pt_%","type":"java.lang.Double","title":"Youth Engagement In Work/Study - Working part-time & studying part-time (%)","description":"yth_engm_wrk_pt_stu_pt_%","stype":"ratio","isDimension":false}],"filter":{"filterType":"tabular","where":"(year IN ('2016'))","feature":{"key":"lga_code16","geoLevel":"lga2016","geoField":"ignored","year":"2006","featureBbox":[140.961681984,-39.159189527500004,149.976679008,-33.9806475865],"featureType":"ste","featureInstance":"2","featureName":"Victoria","referenceSystemIdentifier":"urn:x-ogc:def:crs:EPSG:4283","prefix":"","keyTransform":null},"states":["2"]}}