wst_meas_f_8_rrmse, smkrs_f_2_asr, ovrwgt_p_3_asr_lci, frt_intk_4_asr_uci, frt_intk_6_sr_lci, psych_dstrs_4_asr_uci, obese_f_4_asr_uci, ovrwgt_p_4_asr_uci, wst_meas_f_3_asr_lci, ovrwgt_p_1_count, smkrs_f_3_asr_lci, alchl_p_3_asr_lci, ovrwgt_f_7_sr_uci, smkrs_p_5_sr, obese_f_7_sr_uci, alchl_p_8_rrmse, frt_intk_1_count, smkrs_m_7_sr_uci, hbld_pres_8_rrmse, smkrs_p_8_rrmse, smkrs_p_6_sr_lci, hbld_pres_1_count, psych_dstrs_1_count, smkrs_f_8_rrmse, ovrwgt_m_4_asr_uci, wst_meas_p_3_asr_lci, obese_m_2_asr, lga_code, wst_meas_m_7_sr_uci, wst_meas_m_2_asr, obese_f_3_asr_lci, psych_dstrs_3_asr_lci, wst_meas_m_5_sr, hbld_pres_5_sr, alchl_p_2_asr, lw_excse_4_asr_uci, ovrwgt_p_8_rrmse, smkrs_p_3_asr_lci, wst_meas_p_1_count, smkrs_f_1_count, obese_f_1_count, smkrs_m_3_asr_lci, frt_intk_8_rrmse, smkrs_p_1_count, hbld_pres_7_sr_uci, lw_excse_3_asr_lci, wst_meas_p_6_sr_lci, ovrwgt_f_5_sr, ovrwgt_f_3_asr_lci, obese_f_6_sr_lci, smkrs_m_4_asr_uci, lw_excse_5_sr, lw_excse_6_sr_lci, obese_p_5_sr, wst_meas_p_8_rrmse, smkrs_p_7_sr_uci, obese_f_5_sr, psych_dstrs_6_sr_lci, smkrs_p_2_asr, ovrwgt_f_1_count, alchl_p_1_count, obese_p_7_sr_uci, lw_excse_8_rrmse, smkrs_f_6_sr_lci, wst_meas_f_2_asr, smkrs_f_4_asr_uci, hbld_pres_3_asr_lci, wst_meas_m_3_asr_lci, alchl_p_4_asr_uci, ovrwgt_f_8_rrmse, obese_m_3_asr_lci, ovrwgt_m_5_sr, smkrs_m__sr_lci, obese_p_8_rrmse, wst_meas_f_1_count, ovrwgt_p_5_sr, wst_meas_f_5_sr, ovrwgt_p_6_sr_lci, lw_excse_7_sr_uci, psych_dstrs_7_sr_uci, wst_meas_p_7_sr_uci, wst_meas_p_2_asr, frt_intk_7_sr_uci, wst_meas_m_1_count, lga_name, lw_excse_1_count, alchl_p_5_sr, obese_m_4_asr_uci, hbld_pres_4_asr_uci, wst_meas_m_8_rrmse, frt_intk_2_asr, ovrwgt_p_2_asr, psych_dstrs_8_rrmse, obese_p_6_sr_lci, alchl_p_7_sr_uci, ovrwgt_m_7_sr_uci, smkrs_m_1_count, alchl_p_6_sr_lci, obese_m_7_sr_uci, obese_p_3_asr_lci, obese_p_4_asr_uci, ovrwgt_m_3_asr_lci, obese_p_1_count, smkrs_p_4_asr_uci, ovrwgt_m_8_rrmse, ovrwgt_m_2_asr, ovrwgt_f_4_asr_uci, obese_m_5_sr, wst_meas_m_4_asr_uci, obese_m_8_rrmse, ovrwgt_f_6_sr_lci, wst_meas_p_5_sr, ovrwgt_f_2_asr, frt_intk_5_sr, obese_m_6_sr_lci, wst_meas_f_6_sr_lci, smkrs_f_7_sr_uci, lw_excse_2_asr, obese_p_2_asr, ovrwgt_m_6_sr_lci, ovrwgt_p_7_sr_uci, smkrs_m_2_asr, wst_meas_p_4_asr_uci, wst_meas_m_6_sr_lci, hbld_pres_6_sr_lci, smkrs_m_8_rrmse, ovrwgt_m_1_count, ste_name, hbld_pres_2_asr, obese_f_2_asr, smkrs_m_5_sr, wst_meas_f_7_sr_uci, psych_dstrs_5_sr, smkrs_f_5_sr, wst_meas_f_4_asr_uci, obese_m_1_count, psych_dstrs_2_asr, obese_f_8_rrmse, frt_intk_3_asr_lci
3,14.6,34.4,53.3,80.0,12.8,36.8,37.5,60.2,3267,9.4,15.6,105.0,118.0,130.0,3,4253,164.0,3,3,79.0,2381,866,3,44.1,60.2,34.7,20110,126.0,66.0,30.4,7.3,115.0,95.0,24.9,78.4,3,12.7,6333,596,1629,15.6,3,1489,134.0,64.5,97.0,100.0,28.1,108.0,30.2,108.0,97.0,122.0,3,157.0,119.0,62.0,19.0,1413,2334,133.0,3,69.0,65.8,19.8,13.2,60.3,34.2,3,31.4,101.0,85.0,3,3171,101.0,97.0,97.0,118.0,109.0,114.0,65.7,107.0,3158,"Alpine (S)",6495,149.0,38.1,30.9,3,46.6,36.0,3,111.0,205.0,107.0,882,93.0,138.0,31.0,37.3,39.2,3250,25.2,3,41.7,31.3,126.0,71.8,3,95.0,105.0,29.7,93.0,114.0,89.0,144.0,71.5,34.1,95.0,105.0,22.9,71.3,105.0,57.0,3,1843,"vic",22.0,33.6,125.0,106.0,86.0,107.0,71.4,1606,10.1,3,39.9
3,16.4,34.0,54.6,75.0,18.3,35.5,37.5,60.1,3010,9.0,8.9,104.0,129.0,125.0,1,3899,187.0,1,3,76.0,1996,1057,3,44.8,60.7,33.0,20260,133.0,68.9,29.3,8.2,120.0,89.0,18.3,81.2,3,12.2,5998,623,1429,14.9,3,1539,138.0,64.4,97.0,98.0,27.3,104.0,34.3,110.0,97.0,117.0,3,183.0,115.0,70.0,20.8,1278,1579,127.0,3,66.0,67.4,23.8,9.1,61.4,27.6,3,29.8,102.0,81.0,3,2981,101.0,100.0,96.0,123.0,156.0,121.0,67.9,109.0,3012,"Ararat (RC)",6133,109.0,36.2,31.9,3,46.0,35.7,3,106.0,165.0,109.0,905,53.0,131.0,29.6,35.6,39.0,2841,29.4,3,41.9,30.9,120.0,76.3,3,92.0,109.0,29.1,92.0,108.0,89.0,174.0,72.8,32.6,95.0,105.0,24.6,75.2,107.0,39.0,3,1723,"vic",20.5,32.4,134.0,111.0,113.0,120.0,74.8,1400,13.2,3,37.5
3,16.6,34.9,49.9,86.0,16.8,39.6,36.3,73.0,25725,13.7,14.1,116.0,112.0,140.0,3,33913,118.0,3,3,93.0,17760,10846,3,37.7,63.0,30.0,20570,106.0,57.5,36.7,12.7,101.0,104.0,17.7,71.2,3,14.9,48360,5727,13132,15.5,3,12848,126.0,63.6,101.0,114.0,33.0,130.0,21.7,102.0,96.0,121.0,3,131.0,135.0,108.0,18.0,11574,13413,125.0,3,100.0,76.8,19.6,18.9,54.3,21.3,3,28.9,89.0,85.0,3,26247,100.0,114.0,98.0,107.0,143.0,112.0,66.4,100.0,22084,"Ballarat (C)",49393,106.0,31.2,29.0,3,46.3,35.6,3,117.0,127.0,92.0,7011,84.0,113.0,32.6,35.0,35.6,24661,21.0,3,36.7,34.6,109.0,60.7,3,111.0,107.0,33.8,93.0,105.0,108.0,143.0,67.4,33.8,87.0,102.0,18.6,69.8,95.0,82.0,3,14037,"vic",24.0,38.1,101.0,119.0,125.0,121.0,80.6,11455,14.7,3,42.7
3,12.0,38.0,52.9,92.0,12.1,25.8,39.2,65.4,37568,10.0,13.2,111.0,86.0,91.0,3,48404,96.0,3,3,72.0,21345,10364,3,45.0,56.4,20.7,20660,95.0,51.0,24.2,9.2,89.0,93.0,16.6,65.8,3,11.6,58649,5545,11754,12.8,3,13158,111.0,58.2,91.0,109.0,31.7,86.0,17.7,94.0,88.0,82.0,3,100.0,88.0,79.0,13.8,15245,16715,84.0,3,73.0,69.0,14.1,17.2,47.7,19.9,3,20.0,107.0,70.0,3,32564,109.0,102.0,107.0,99.0,104.0,101.0,59.8,106.0,26047,"Banyule (C)",60663,99.0,21.3,25.7,3,49.5,38.6,3,80.0,119.0,109.0,7508,79.0,77.0,22.3,23.5,43.3,22329,16.1,3,44.1,33.1,75.0,54.3,3,107.0,96.0,32.4,99.0,73.0,97.0,103.0,62.0,22.9,105.0,110.0,15.3,63.2,83.0,75.0,3,22251,"vic",21.5,25.0,83.0,107.0,91.0,88.0,72.6,10501,10.7,3,46.1
3,17.9,34.7,52.8,84.0,16.2,33.8,37.0,62.3,8899,13.0,12.3,104.0,136.0,120.0,3,11789,172.0,3,3,102.0,5050,3101,3,43.2,59.6,30.5,20740,117.0,62.0,29.5,10.4,108.0,77.0,17.8,72.3,3,16.4,16690,1963,4026,19.2,3,4780,105.0,61.0,96.0,100.0,28.7,104.0,31.5,101.0,92.0,111.0,3,171.0,112.0,88.0,21.9,3812,4523,118.0,3,95.0,67.1,22.8,11.3,57.2,23.3,3,28.4,100.0,104.0,3,8603,101.0,99.0,98.0,109.0,138.0,111.0,64.4,106.0,8074,"Bass Coast (S)",16472,106.0,32.7,24.2,3,47.4,35.9,3,104.0,139.0,105.0,2779,74.0,119.0,28.9,33.1,39.5,7917,27.4,3,41.3,30.9,111.0,66.9,3,96.0,103.0,29.8,95.0,103.0,92.0,166.0,66.7,31.0,96.0,104.0,25.3,69.2,100.0,49.0,3,5057,"vic",17.7,31.7,138.0,106.0,113.0,131.0,71.9,3860,13.3,3,41.9
3,17.0,33.9,53.0,84.0,15.1,36.6,36.0,67.7,12002,12.6,11.8,108.0,122.0,129.0,3,16428,144.0,3,3,92.0,8509,4198,3,39.6,62.7,31.0,20830,118.0,62.6,32.6,9.8,110.0,98.0,17.3,75.6,3,14.8,23885,2702,5968,16.3,3,6289,128.0,64.5,101.0,104.0,29.9,115.0,26.4,106.0,97.0,117.0,3,152.0,122.0,83.0,19.6,5307,6223,124.0,3,92.0,72.7,21.5,15.5,57.9,22.8,3,29.2,92.0,89.0,3,12482,98.0,108.0,95.0,114.0,128.0,116.0,67.4,106.0,11389,"Baw Baw (S)",24191,103.0,32.8,29.7,3,47.4,34.9,3,111.0,136.0,96.0,3536,71.0,119.0,30.9,34.6,36.3,11589,24.4,3,38.0,32.1,113.0,67.3,3,101.0,108.0,31.0,95.0,106.0,100.0,157.0,70.1,32.7,88.0,101.0,21.4,72.2,101.0,67.0,3,6648,"vic",22.6,34.6,116.0,115.0,106.0,124.0,77.7,5577,12.4,3,41.9
3,9.9,37.8,54.6,93.0,8.5,20.9,39.1,60.1,29738,7.9,16.1,112.0,69.0,74.0,3,39402,78.0,3,3,56.0,14040,5622,3,44.5,50.1,15.7,20910,85.0,44.8,18.8,6.1,78.0,72.0,20.5,59.8,3,9.0,43375,3543,7573,9.7,3,8070,90.0,50.6,80.0,110.0,31.9,66.0,14.3,83.0,76.0,63.0,3,83.0,70.0,52.0,11.1,12229,16405,67.0,3,58.0,64.5,12.0,12.5,40.9,24.9,3,14.8,106.0,53.0,3,24565,108.0,95.0,106.0,90.0,73.0,94.0,54.3,109.0,18784,"Bayside (C)",43087,123.0,16.5,20.7,3,50.6,38.4,3,60.0,149.0,108.0,4458,96.0,60.0,16.8,18.7,42.5,14084,13.3,3,43.5,33.4,57.0,48.7,3,107.0,87.0,32.7,101.0,54.0,89.0,87.0,55.2,17.7,103.0,110.0,12.0,58.4,72.0,54.0,3,17442,"vic",16.6,19.8,65.0,102.0,63.0,72.0,68.9,6471,7.3,3,46.6
3,18.0,34.2,53.3,80.0,16.3,36.2,37.1,63.9,3713,12.0,10.4,110.0,132.0,128.0,3,4907,169.0,3,3,90.0,2717,1294,3,41.6,59.2,29.8,21010,116.0,60.7,29.7,9.6,106.0,97.0,17.5,76.8,3,14.5,7118,827,1745,16.5,3,1931,136.0,63.8,95.0,105.0,29.5,105.0,31.0,106.0,96.0,112.0,3,174.0,116.0,82.0,21.2,1646,1867,123.0,3,87.0,69.9,24.1,13.1,55.0,24.6,3,26.8,96.0,90.0,3,3714,100.0,103.0,96.0,116.0,139.0,114.0,65.0,107.0,3399,"Benalla (RC)",7367,104.0,32.8,31.5,3,46.6,35.7,3,101.0,147.0,101.0,1089,62.0,119.0,28.2,34.2,37.2,3377,27.9,3,39.4,32.7,108.0,66.4,3,99.0,104.0,31.1,93.0,97.0,94.0,176.0,70.3,31.2,90.0,104.0,23.7,70.8,96.0,57.0,3,2051,"vic",22.3,32.9,129.0,112.0,110.0,131.0,75.9,1620,12.9,3,40.0
3,7.8,38.1,55.2,97.0,8.3,17.2,39.2,57.3,51385,6.4,12.7,111.0,55.0,61.0,3,69863,61.0,3,3,45.0,25837,9980,3,45.0,48.5,12.9,21110,82.0,43.6,15.1,6.3,76.0,84.0,15.6,58.6,3,7.3,69412,5053,10261,7.9,3,11745,100.0,50.7,78.0,109.0,31.7,53.0,11.2,82.0,76.0,52.0,3,64.0,57.0,53.0,8.8,20654,21622,55.0,3,47.0,61.3,9.2,15.5,40.2,18.5,3,12.0,107.0,43.0,3,39040,109.0,91.0,107.0,88.0,71.0,89.0,52.1,111.0,30328,"Boroondara (C)",73690,93.0,13.7,23.2,3,51.9,38.6,3,49.0,111.0,109.0,6595,76.0,50.0,13.6,15.4,43.3,19341,10.3,3,44.1,33.1,47.0,46.9,3,107.0,84.0,32.4,104.0,44.0,85.0,67.0,54.6,14.5,105.0,110.0,9.5,55.8,70.0,67.0,3,30643,"vic",19.3,16.1,52.0,96.0,62.0,57.0,65.2,9018,7.3,3,48.6
3,14.6,36.9,49.5,88.0,17.6,28.7,38.1,62.8,56627,12.7,7.1,101.0,108.0,101.0,3,70941,121.0,3,3,94.0,42626,24567,3,46.3,57.3,26.6,21180,101.0,54.7,27.1,14.3,96.0,126.0,8.6,75.4,3,15.2,89991,11258,20762,17.4,3,26921,144.0,70.3,92.0,99.0,28.7,96.0,22.3,110.0,106.0,98.0,3,121.0,99.0,122.0,17.3,21859,13707,101.0,3,92.0,65.5,16.5,25.1,51.8,10.1,3,25.8,110.0,95.0,3,48626,106.0,97.0,104.0,114.0,150.0,101.0,60.1,99.0,41305,"Brimbank (C)",110559,52.0,27.4,33.3,3,46.7,37.5,3,95.0,61.0,112.0,15448,42.0,99.0,26.6,28.1,44.6,41169,19.5,3,45.5,30.0,96.0,57.7,3,97.0,97.0,29.4,94.0,94.0,93.0,120.0,72.8,27.4,108.0,107.0,19.8,62.9,91.0,109.0,3,34725,"vic",29.2,27.9,108.0,101.0,136.0,106.0,68.2,20231,15.9,3,44.0
3,16.7,33.2,57.7,67.0,14.7,36.6,38.0,58.0,1679,6.7,5.4,108.0,127.0,129.0,1,2168,197.0,1,1,55.0,1085,417,1,44.8,58.7,33.0,21270,140.0,69.7,27.3,4.3,122.0,83.0,19.2,85.3,3,8.8,3408,339,787,10.4,3,808,148.0,64.4,94.0,99.0,27.1,96.0,36.2,113.0,97.0,116.0,3,199.0,113.0,36.0,20.4,734,913,132.0,3,49.0,67.7,26.8,4.3,59.5,32.9,3,28.3,100.0,57.0,3,1687,100.0,100.0,94.0,129.0,125.0,126.0,68.5,116.0,1719,"Buloke (S)",3535,115.0,37.7,34.3,3,45.7,35.6,1,100.0,197.0,109.0,462,32.0,137.0,28.0,36.8,37.3,1574,31.9,3,41.1,32.0,120.0,79.9,3,91.0,110.0,29.6,92.0,102.0,86.0,195.0,74.8,32.4,90.0,107.0,23.3,78.3,104.0,19.0,1,939,"vic",19.3,31.9,127.0,114.0,81.0,122.0,77.3,780,9.5,3,33.7
3,18.1,34.3,51.6,83.0,16.7,35.4,36.3,64.5,9593,13.6,14.0,105.0,135.0,125.0,3,12696,163.0,3,3,104.0,6303,3666,3,41.5,62.5,32.5,21370,122.0,65.2,31.8,11.1,114.0,89.0,19.6,77.2,3,16.7,18925,2243,4684,19.0,3,5321,116.0,67.5,100.0,101.0,29.0,112.0,29.9,109.0,102.0,118.0,3,166.0,119.0,94.0,21.7,4167,5499,124.0,3,99.0,69.1,22.5,14.3,60.8,25.1,3,30.8,97.0,104.0,3,9642,99.0,102.0,96.0,116.0,143.0,115.0,66.9,103.0,9271,"Campaspe (S)",19773,117.0,34.2,26.8,3,46.4,35.3,3,112.0,150.0,101.0,3035,84.0,124.0,31.3,34.6,38.2,9233,26.7,3,39.8,31.1,118.0,69.6,3,97.0,107.0,30.0,93.0,112.0,95.0,164.0,72.4,33.0,93.0,102.0,24.5,71.4,106.0,62.0,3,5392,"vic",20.6,33.6,133.0,109.0,119.0,132.0,73.7,4511,13.9,3,41.2
3,15.5,38.0,51.5,85.0,16.5,35.2,39.6,67.2,24997,12.0,11.9,109.0,114.0,125.0,3,30314,135.0,3,3,91.0,13787,9263,3,46.5,60.6,30.7,21450,111.0,58.6,32.5,11.5,102.0,97.0,15.9,71.4,3,14.6,41623,5098,10730,16.6,3,12304,121.0,61.8,97.0,106.0,30.7,115.0,24.8,100.0,93.0,116.0,3,137.0,120.0,98.0,18.3,9912,10905,121.0,3,88.0,71.7,18.9,17.0,53.9,19.9,3,29.4,110.0,91.0,3,22562,109.0,106.0,107.0,108.0,141.0,112.0,65.2,103.0,19035,"Cardinia (S)",43156,95.0,31.9,27.9,3,46.9,38.8,3,112.0,119.0,113.0,7110,71.0,116.0,31.2,33.7,44.2,20891,22.1,3,45.4,32.4,111.0,63.3,3,103.0,105.0,31.5,94.0,107.0,99.0,138.0,66.6,32.4,107.0,111.0,20.7,69.8,94.0,74.0,3,15052,"vic",22.5,33.9,113.0,113.0,119.0,113.0,76.2,10080,14.0,3,42.4
3,14.0,38.0,50.5,92.0,16.2,33.7,38.8,66.7,79721,12.5,9.9,105.0,105.0,119.0,3,100121,116.0,3,3,94.0,48015,32062,3,46.1,60.7,30.9,21610,104.0,57.1,32.2,13.6,100.0,108.0,11.6,72.1,3,15.1,129127,15359,33934,17.3,3,37153,122.0,67.3,97.0,104.0,30.4,114.0,21.2,105.0,101.0,115.0,3,116.0,117.0,116.0,16.9,31143,25831,118.0,3,91.0,69.0,15.6,21.7,54.6,13.4,3,30.2,110.0,94.0,3,70018,108.0,102.0,107.0,109.0,138.0,105.0,63.2,101.0,59024,"Casey (C)",145755,70.0,31.6,28.2,3,48.2,38.4,3,113.0,80.0,112.0,21507,59.0,114.0,31.5,32.8,44.8,66641,18.6,3,45.5,31.3,112.0,59.6,3,102.0,101.0,30.9,97.0,110.0,99.0,113.0,69.7,32.2,109.0,109.0,19.3,65.6,95.0,94.0,3,48494,"vic",25.0,33.0,105.0,106.0,127.0,102.0,71.4,32436,14.9,3,45.8
3,20.9,33.5,49.9,75.0,22.0,42.6,36.7,64.1,3444,14.0,10.6,109.0,142.0,151.0,3,4333,169.0,3,3,98.0,2804,1622,3,40.4,59.7,34.0,21670,115.0,60.7,34.4,13.3,106.0,103.0,16.9,77.5,3,15.7,6738,841,1911,16.6,3,1882,136.0,65.8,96.0,103.0,29.0,122.0,30.9,108.0,99.0,129.0,3,186.0,136.0,114.0,22.8,1546,1673,142.0,3,102.0,69.7,27.8,16.3,55.7,23.1,3,30.5,93.0,90.0,3,3512,99.0,103.0,94.0,117.0,187.0,113.0,65.0,100.0,3221,"Central Goldfields (S)",7050,101.0,37.6,31.5,3,43.7,35.1,3,116.0,138.0,98.0,1026,64.0,136.0,32.5,39.8,35.9,3664,29.9,3,38.2,32.5,123.0,65.7,3,98.0,104.0,30.8,88.0,110.0,95.0,203.0,71.6,36.1,87.0,103.0,23.8,70.2,97.0,70.0,3,1883,"vic",23.9,38.5,130.0,112.0,151.0,152.0,75.4,1741,17.6,3,37.6
3,17.1,34.3,52.0,83.0,15.0,34.7,36.7,64.2,5413,12.3,13.5,106.0,129.0,123.0,3,7176,161.0,3,3,96.0,4212,1821,3,42.0,62.1,30.7,21750,122.0,64.8,29.5,9.6,113.0,106.0,19.3,77.6,3,15.4,10575,1196,2497,17.9,3,2871,139.0,67.2,100.0,101.0,28.8,104.0,29.6,109.0,101.0,112.0,3,162.0,113.0,82.0,20.7,2341,3042,121.0,3,90.0,69.1,21.9,17.0,60.0,25.1,3,28.2,97.0,98.0,3,5393,100.0,102.0,96.0,117.0,128.0,115.0,66.7,104.0,5175,"Colac-Otway (S)",11099,115.0,33.2,32.1,3,46.6,35.5,3,103.0,150.0,102.0,1651,81.0,121.0,28.9,33.7,38.3,4914,26.0,3,40.2,31.4,111.0,69.5,3,97.0,107.0,30.1,93.0,102.0,95.0,159.0,72.4,31.3,93.0,103.0,23.7,71.4,105.0,74.0,3,3054,"vic",24.6,32.1,129.0,110.0,105.0,124.0,74.0,2395,12.3,3,41.3
3,14.8,34.9,53.4,78.0,13.9,35.6,38.1,62.8,4319,9.3,12.1,106.0,121.0,126.0,3,5492,172.0,3,3,79.0,2876,1245,3,45.4,63.7,34.2,21830,138.0,71.8,29.3,7.9,126.0,92.0,21.3,82.1,3,12.6,8646,815,2021,15.6,3,2049,135.0,68.3,102.0,101.0,28.4,104.0,31.5,113.0,103.0,119.0,3,162.0,115.0,68.0,19.4,1842,2605,130.0,3,68.0,68.8,20.3,11.3,64.9,30.6,3,31.0,104.0,85.0,3,4268,103.0,102.0,98.0,124.0,119.0,122.0,70.0,107.0,4373,"Corangamite (S)",8940,128.0,37.5,31.2,3,46.1,36.5,3,108.0,183.0,110.0,1218,72.0,136.0,30.2,36.3,40.4,4065,26.1,3,42.9,31.5,124.0,78.7,3,95.0,112.0,29.9,92.0,112.0,93.0,148.0,75.2,33.3,98.0,107.0,23.6,76.2,113.0,49.0,3,2464,"vic",21.3,32.5,128.0,111.0,93.0,108.0,74.7,2025,10.9,3,38.9
3,13.7,37.3,52.1,91.0,15.1,26.8,38.3,64.8,44689,11.6,10.3,107.0,96.0,95.0,3,57307,104.0,3,3,81.0,31462,15757,3,44.7,57.0,22.0,21890,98.0,52.6,24.6,11.7,92.0,123.0,12.9,69.3,3,13.1,69773,7895,14192,14.2,3,18648,145.0,62.2,91.0,104.0,30.4,87.0,19.2,99.0,94.0,86.0,3,110.0,91.0,100.0,15.4,17633,15723,89.0,3,84.0,68.5,15.9,23.4,49.2,15.6,3,21.1,107.0,77.0,3,38533,106.0,101.0,105.0,104.0,128.0,103.0,60.4,105.0,31195,"Darebin (C)",77336,77.0,22.9,33.4,3,48.8,37.8,3,82.0,93.0,108.0,10605,62.0,83.0,23.0,24.9,43.2,27277,17.8,3,43.9,31.7,80.0,56.0,3,102.0,97.0,31.1,98.0,76.0,96.0,116.0,65.7,23.9,105.0,108.0,16.7,63.9,86.0,101.0,3,26998,"vic",28.4,25.7,91.0,107.0,114.0,100.0,72.1,12988,13.4,3,45.5
3,19.3,34.3,50.1,80.0,13.2,37.0,36.3,62.7,12072,14.4,13.7,104.0,139.0,131.0,3,15546,163.0,3,3,106.0,7509,3452,3,41.2,60.0,33.0,22110,116.0,61.9,32.9,8.3,108.0,80.0,19.3,73.7,3,17.0,23290,2788,6155,18.8,3,6481,106.0,63.4,96.0,101.0,29.0,116.0,29.8,103.0,96.0,121.0,3,172.0,124.0,71.0,22.3,5303,6739,128.0,3,105.0,67.3,24.2,12.5,57.6,24.8,3,31.1,96.0,102.0,3,11964,99.0,100.0,97.0,111.0,113.0,111.0,64.5,100.0,11310,"East Gippsland (S)",23462,115.0,35.0,24.4,3,45.0,35.3,3,115.0,149.0,100.0,3640,82.0,127.0,32.0,35.8,38.1,12064,27.6,3,39.6,31.0,120.0,66.2,3,98.0,103.0,30.0,90.0,113.0,93.0,177.0,68.5,33.9,92.0,102.0,24.3,68.9,101.0,54.0,3,6722,"vic",18.5,34.9,132.0,106.0,92.0,141.0,71.9,5860,10.7,3,39.9
3,17.2,37.3,50.9,88.0,17.0,33.6,38.5,67.0,39179,14.4,12.9,107.0,126.0,119.0,3,49054,142.0,3,3,107.0,24826,15551,3,45.1,59.4,28.8,22170,103.0,55.5,31.6,13.0,97.0,104.0,16.0,70.2,3,17.2,65151,8736,16536,19.5,3,20924,124.0,62.9,95.0,105.0,30.4,112.0,26.1,100.0,95.0,110.0,3,145.0,115.0,111.0,20.2,15671,17371,114.0,3,105.0,70.4,19.9,19.4,52.0,19.2,3,27.9,107.0,106.0,3,35605,107.0,104.0,105.0,106.0,145.0,106.0,62.9,102.0,29505,"Frankston (C)",68939,96.0,29.7,28.7,3,47.4,37.9,3,107.0,115.0,110.0,12022,77.0,108.0,29.9,31.8,43.3,31999,23.3,3,44.2,31.8,104.0,58.9,3,102.0,101.0,31.1,95.0,101.0,99.0,145.0,66.5,30.8,105.0,108.0,22.8,66.3,91.0,84.0,3,23448,"vic",24.0,32.6,124.0,109.0,128.0,125.0,73.8,15345,15.0,3,43.9
3,16.7,33.8,55.2,73.0,13.5,35.6,37.5,60.1,2728,8.9,8.4,106.0,127.0,126.0,1,3521,182.0,1,3,70.0,1762,678,3,44.0,60.8,33.0,22250,136.0,69.7,28.3,5.4,122.0,83.0,19.2,83.0,3,11.3,5536,550,1278,13.2,3,1312,134.0,66.6,98.0,99.0,27.6,100.0,33.4,113.0,100.0,116.0,3,183.0,113.0,46.0,20.4,1192,1483,128.0,3,65.0,67.7,24.6,7.5,61.7,30.0,3,29.3,100.0,72.0,3,2741,100.0,100.0,95.0,125.0,115.0,122.0,68.5,111.0,2792,"Gannawarra (S)",5742,115.0,36.7,31.0,3,45.7,35.6,3,104.0,179.0,107.0,751,50.0,133.0,28.9,35.8,38.1,2556,29.4,3,41.1,31.5,120.0,77.7,3,93.0,110.0,29.6,92.0,106.0,89.0,179.0,74.8,32.4,92.0,105.0,23.3,76.2,108.0,33.0,3,1525,"vic",19.3,31.9,127.0,111.0,81.0,122.0,75.3,1267,9.5,3,36.3
3,8.3,37.6,53.6,92.0,11.5,21.2,38.8,60.5,42779,6.6,11.0,107.0,61.0,75.0,3,55867,72.0,3,3,49.0,24432,11225,3,45.5,52.9,17.2,22310,93.0,49.5,18.5,8.4,86.0,96.0,14.2,62.9,3,7.9,63381,4532,10673,8.9,3,11005,116.0,54.1,85.0,105.0,30.5,65.0,13.1,88.0,82.0,67.0,3,73.0,70.0,72.0,9.8,16908,16418,71.0,3,48.0,64.7,10.0,17.6,45.5,17.4,3,16.0,108.0,49.0,3,35110,107.0,96.0,106.0,95.0,98.0,98.0,57.0,107.0,28232,"Glen Eira (C)",65815,85.0,18.4,26.8,3,49.8,38.2,3,62.0,104.0,111.0,6387,66.0,67.0,17.3,19.8,43.8,20475,11.7,3,44.6,31.9,62.0,53.4,3,102.0,91.0,31.2,100.0,58.0,90.0,73.0,58.5,18.6,106.0,109.0,11.0,61.0,80.0,76.0,3,25815,"vic",22.2,19.9,60.0,102.0,85.0,60.0,68.9,9730,10.0,3,46.0
3,17.7,35.0,53.7,78.0,14.4,34.2,38.0,60.8,5308,11.5,9.9,104.0,141.0,121.0,3,6767,192.0,3,3,95.0,5506,1527,3,45.4,60.7,33.2,22410,129.0,67.1,29.3,7.3,117.0,146.0,17.5,80.1,3,15.3,10144,1213,2443,18.5,3,3001,195.0,66.9,97.0,100.0,28.2,104.0,35.3,111.0,101.0,116.0,3,186.0,112.0,63.0,22.6,2233,2666,125.0,3,84.0,66.8,23.9,22.3,60.7,25.1,3,30.6,104.0,101.0,3,5100,103.0,99.0,98.0,121.0,123.0,117.0,66.8,108.0,5036,"Glenelg (S)",10705,105.0,35.8,45.1,3,46.4,36.5,3,108.0,150.0,110.0,1767,59.0,130.0,30.1,34.9,40.5,4911,29.9,3,42.9,31.1,121.0,73.6,3,95.0,107.0,29.6,93.0,111.0,90.0,174.0,73.5,32.5,98.0,107.0,26.9,73.0,106.0,96.0,3,3061,"vic",33.7,31.8,147.0,108.0,93.0,129.0,72.9,2446,10.9,3,39.0
3,13.8,34.9,54.4,83.0,15.3,37.4,37.8,61.5,5241,9.4,14.1,106.0,109.0,132.0,3,6885,144.0,3,3,76.0,3539,1778,3,44.2,61.3,36.0,22490,128.0,67.2,32.1,9.2,118.0,102.0,21.1,76.6,3,12.3,9902,1007,2651,14.6,3,2495,139.0,62.9,98.0,101.0,28.7,114.0,26.4,105.0,95.0,127.0,3,141.0,123.0,79.0,17.5,2200,3275,136.0,3,69.0,67.3,18.2,15.2,61.1,28.2,3,33.3,102.0,80.0,3,5001,102.0,100.0,98.0,115.0,131.0,117.0,67.2,109.0,4895,"Golden Plains (S)",10063,126.0,38.6,32.0,3,47.8,36.4,3,118.0,168.0,107.0,1469,84.0,140.0,32.8,38.0,39.7,5298,22.6,3,42.0,31.6,130.0,73.3,3,97.0,108.0,30.2,96.0,121.0,91.0,133.0,69.8,35.4,96.0,106.0,20.5,73.0,107.0,66.0,3,3027,"vic",23.6,34.7,112.0,108.0,105.0,101.0,73.1,2624,12.3,3,41.3
3,16.6,34.8,50.1,88.0,16.2,38.8,36.1,70.1,27618,14.1,15.1,113.0,113.0,137.0,3,37022,117.0,3,3,97.0,17587,11438,3,38.1,62.5,31.2,22620,107.0,58.4,36.2,12.8,102.0,94.0,18.3,71.5,3,15.5,51715,6075,14217,16.3,3,13758,111.0,65.0,100.0,110.0,32.1,128.0,21.5,103.0,98.0,122.0,3,129.0,133.0,109.0,18.1,12342,14927,126.0,3,103.0,73.4,19.1,17.7,55.6,21.4,3,30.1,90.0,89.0,3,27666,100.0,109.0,98.0,108.0,139.0,110.0,65.4,100.0,24014,"Greater Bendigo (C)",53807,109.0,32.2,25.6,3,47.0,35.4,3,118.0,128.0,92.0,7570,90.0,117.0,33.1,35.3,36.2,27048,20.7,3,37.1,33.5,113.0,61.2,3,108.0,105.0,32.8,94.0,109.0,104.0,139.0,68.3,34.2,88.0,101.0,18.9,68.4,97.0,77.0,3,15155,"vic",21.6,37.5,103.0,113.0,124.0,121.0,76.7,12740,14.5,3,43.8
3,13.3,36.2,49.8,86.0,18.8,27.1,37.6,59.1,42456,11.1,4.9,95.0,102.0,96.0,3,53879,123.0,3,3,86.0,32760,19493,3,47.4,55.8,26.3,22670,104.0,55.8,25.0,14.5,98.0,128.0,6.5,76.6,3,13.9,67284,7914,14803,16.5,3,19354,150.0,70.2,89.0,93.0,26.9,88.0,22.5,111.0,106.0,94.0,3,118.0,92.0,124.0,16.4,16000,7776,98.0,3,81.0,62.4,15.4,24.6,52.0,8.0,3,25.2,113.0,90.0,3,35841,104.0,92.0,102.0,116.0,161.0,101.0,59.3,100.0,31399,"Greater Dandenong (C)",85086,39.0,27.4,34.5,3,46.5,36.9,3,91.0,48.0,115.0,11293,29.0,99.0,25.3,27.4,45.4,29815,19.0,3,46.4,28.3,95.0,59.6,3,90.0,95.0,27.6,93.0,91.0,87.0,113.0,73.4,26.3,110.0,106.0,19.5,62.8,91.0,106.0,3,26448,"vic",29.5,26.0,106.0,97.0,142.0,97.0,65.8,14876,16.7,3,43.1
3,17.6,34.8,49.3,90.0,15.3,33.0,35.8,71.6,59253,15.6,15.0,111.0,120.0,117.0,3,79613,123.0,3,3,107.0,39466,23618,3,37.9,63.2,26.6,22750,105.0,57.8,31.6,12.8,101.0,97.0,17.3,65.5,3,17.3,111345,13831,26208,18.2,3,31355,110.0,60.0,101.0,110.0,32.1,112.0,22.5,95.0,91.0,105.0,3,133.0,114.0,109.0,19.4,26395,30230,107.0,3,114.0,74.0,19.6,19.4,55.8,19.6,3,26.0,90.0,99.0,3,59913,99.0,109.0,98.0,99.0,131.0,108.0,65.3,99.0,51360,"Greater Geelong (C)",106295,103.0,27.2,25.4,3,47.0,35.3,3,103.0,117.0,92.0,17260,90.0,99.0,28.7,29.8,36.5,49703,21.4,3,37.2,33.1,96.0,59.9,3,108.0,105.0,32.6,94.0,94.0,106.0,143.0,62.8,29.2,89.0,101.0,20.4,67.5,98.0,84.0,3,32605,"vic",22.4,32.3,111.0,113.0,120.0,128.0,76.4,23329,14.1,3,44.7
3,17.2,33.3,50.9,82.0,18.4,37.7,35.2,67.7,15334,13.2,11.6,105.0,124.0,133.0,3,20733,144.0,3,3,97.0,9474,7011,3,39.0,63.5,32.9,22830,120.0,64.1,34.5,12.6,112.0,88.0,15.9,74.3,3,15.6,30846,3735,8056,17.2,3,8720,114.0,64.4,102.0,102.0,29.2,122.0,26.4,105.0,97.0,123.0,3,151.0,128.0,107.0,19.9,6672,7496,129.0,3,96.0,72.4,21.2,14.6,59.8,20.2,3,31.4,91.0,94.0,3,16019,96.0,107.0,94.0,112.0,157.0,116.0,68.0,102.0,14808,"Greater Shepparton (C)",31318,95.0,34.4,26.2,3,46.0,34.3,3,118.0,121.0,95.0,4913,69.0,125.0,33.0,35.9,36.0,15664,24.3,3,37.5,31.2,119.0,68.4,3,98.0,109.0,30.2,92.0,114.0,100.0,155.0,69.4,34.4,88.0,99.0,21.8,72.4,105.0,63.0,3,8606,"vic",20.4,36.1,119.0,114.0,132.0,125.0,77.0,7545,15.5,3,41.1
3,16.7,34.5,53.6,85.0,15.8,38.8,37.2,64.5,4150,11.4,13.3,112.0,116.0,137.0,3,5560,140.0,3,3,82.0,2252,1420,3,40.8,60.0,31.5,22910,114.0,60.3,31.7,10.1,105.0,73.0,19.7,73.9,3,13.2,7901,843,2097,14.3,3,1927,101.0,61.9,96.0,107.0,30.3,112.0,25.7,102.0,93.0,119.0,3,151.0,125.0,86.0,18.7,1851,2365,131.0,3,83.0,69.8,21.9,10.5,55.7,26.0,3,28.4,94.0,78.0,3,4113,101.0,103.0,97.0,111.0,135.0,112.0,64.8,107.0,3783,"Hepburn (S)",7819,118.0,34.6,23.2,3,48.0,35.8,3,108.0,156.0,99.0,1069,80.0,126.0,30.1,36.5,36.9,4052,24.2,3,38.8,33.4,114.0,64.9,3,102.0,104.0,31.9,96.0,103.0,95.0,160.0,67.9,33.3,89.0,105.0,20.0,69.6,97.0,45.0,3,2281,"vic",16.9,35.3,109.0,111.0,110.0,122.0,75.1,1940,12.9,3,42.4
3,13.7,33.9,58.8,67.0,14.8,36.7,39.3,55.1,1550,4.3,4.1,105.0,118.0,130.0,1,1964,212.0,1,1,42.0,1235,373,1,49.3,59.1,35.3,22980,154.0,75.7,25.4,3.9,132.0,105.0,18.9,87.8,3,6.8,3131,264,708,9.0,3,676,185.0,66.0,95.0,96.0,25.9,90.0,38.9,116.0,100.0,118.0,3,193.0,110.0,34.0,18.9,654,810,139.0,3,32.0,64.6,23.1,5.7,63.5,33.7,3,29.0,109.0,49.0,3,1490,103.0,96.0,95.0,132.0,126.0,129.0,69.7,118.0,1639,"Hindmarsh (S)",3270,113.0,41.6,42.8,3,46.0,36.6,1,97.0,201.0,120.0,408,24.0,151.0,27.2,38.8,40.5,1450,31.0,3,44.9,31.1,128.0,87.9,3,87.0,112.0,28.5,92.0,105.0,81.0,168.0,76.9,33.0,98.0,111.0,24.0,80.3,111.0,25.0,1,892,"vic",24.3,31.0,131.0,110.0,80.0,100.0,74.2,735,9.4,3,33.3
3,13.3,38.0,52.0,90.0,14.4,26.1,39.2,62.6,27773,11.1,11.3,104.0,103.0,92.0,3,34609,123.0,3,3,87.0,19229,9106,3,48.0,57.4,24.2,23110,104.0,55.7,24.6,11.0,97.0,118.0,14.6,69.5,3,13.9,43694,4827,9020,16.6,3,11977,142.0,61.8,92.0,101.0,29.4,87.0,22.6,99.0,93.0,89.0,3,119.0,90.0,94.0,16.6,10711,10905,92.0,3,81.0,66.2,15.6,22.0,51.9,17.9,3,23.4,114.0,90.0,3,23610,109.0,98.0,107.0,105.0,123.0,104.0,61.0,104.0,20053,"Hobsons Bay (C)",47136,87.0,24.9,32.7,3,48.4,38.6,3,87.0,107.0,117.0,7059,67.0,90.0,24.3,25.6,46.1,17759,19.2,3,47.1,30.8,88.0,59.5,3,99.0,98.0,30.1,97.0,85.0,93.0,114.0,65.6,24.9,112.0,110.0,19.6,64.7,91.0,95.0,3,17041,"vic",27.3,25.4,107.0,103.0,108.0,97.0,69.9,8667,12.7,3,44.7
3,13.4,33.0,52.2,79.0,13.4,36.5,35.8,65.3,5005,8.9,13.2,106.0,100.0,129.0,3,6726,129.0,3,3,69.0,3722,1477,3,40.2,61.2,31.0,23190,120.0,63.3,31.1,7.2,111.0,102.0,19.7,76.3,3,11.1,9980,908,2450,12.8,3,2184,138.0,63.7,98.0,101.0,28.6,110.0,23.7,106.0,96.0,115.0,3,131.0,119.0,62.0,16.1,2185,2957,124.0,3,65.0,71.2,17.9,15.3,57.7,26.3,3,28.6,92.0,70.0,3,5181,97.0,105.0,93.0,115.0,114.0,116.0,66.9,105.0,4793,"Horsham (RC)",10279,118.0,33.4,31.8,3,45.9,34.4,3,107.0,157.0,98.0,1258,79.0,121.0,29.8,34.6,35.9,4760,21.1,3,38.1,31.5,112.0,68.8,3,96.0,107.0,30.0,92.0,104.0,97.0,130.0,70.0,32.2,87.0,101.0,18.3,72.6,101.0,66.0,3,2801,"vic",23.5,33.8,99.0,114.0,88.0,98.0,77.2,2293,10.3,3,39.6
3,16.3,37.2,50.1,88.0,17.0,35.6,38.4,68.2,52180,14.0,7.7,105.0,117.0,126.0,3,65193,129.0,3,3,102.0,33013,22025,3,45.5,61.7,31.7,23270,107.0,58.3,33.4,13.5,102.0,112.0,9.8,74.9,3,16.4,87897,11825,23368,18.3,3,27658,130.0,68.9,99.0,103.0,29.9,118.0,23.7,108.0,104.0,119.0,3,133.0,122.0,116.0,18.9,20426,14401,123.0,3,102.0,71.2,18.5,21.5,55.1,11.8,3,30.7,108.0,100.0,3,47680,106.0,105.0,105.0,113.0,145.0,109.0,64.8,100.0,40161,"Hume (C)",100139,58.0,32.7,30.0,3,47.0,37.8,3,116.0,71.0,110.0,15607,46.0,118.0,32.3,34.3,43.9,45804,21.3,3,44.7,31.2,115.0,61.4,3,100.0,104.0,30.5,94.0,111.0,101.0,135.0,71.9,33.3,106.0,108.0,21.0,67.9,96.0,93.0,3,31698,"vic",25.8,34.5,114.0,110.0,130.0,119.0,74.3,22252,15.3,3,44.0
3,14.9,35.4,53.1,88.0,13.8,35.3,37.8,64.5,4231,11.4,17.3,110.0,112.0,125.0,3,5625,135.0,3,3,87.0,3304,1295,3,42.8,62.3,32.3,23350,119.0,64.1,31.1,9.4,112.0,109.0,22.9,74.4,3,14.0,8034,781,2017,16.0,3,1880,136.0,65.2,100.0,105.0,29.9,110.0,24.7,105.0,98.0,117.0,3,136.0,117.0,81.0,18.0,1844,2784,124.0,3,83.0,68.5,18.4,18.7,60.3,28.6,3,30.2,99.0,87.0,3,4110,103.0,101.0,100.0,112.0,118.0,112.0,66.1,106.0,3919,"Indigo (S)",8074,137.0,34.4,31.5,3,48.6,36.6,3,110.0,171.0,104.0,1084,103.0,125.0,30.8,34.6,39.1,3976,21.9,3,41.0,32.7,117.0,67.9,3,101.0,106.0,31.3,97.0,109.0,95.0,134.0,69.8,32.7,95.0,106.0,20.4,70.0,105.0,81.0,3,2371,"vic",25.1,33.2,111.0,107.0,99.0,109.0,72.5,1942,11.6,3,44.1
3,12.7,38.0,53.0,93.0,13.4,27.3,39.0,64.5,46602,10.6,11.6,110.0,93.0,97.0,3,60080,105.0,3,3,79.0,28361,14191,3,45.3,56.2,22.9,23430,96.0,51.5,26.0,10.3,90.0,99.0,14.5,68.5,3,12.6,72716,7331,15671,14.3,3,17612,117.0,61.3,90.0,107.0,31.3,92.0,19.4,98.0,92.0,89.0,3,108.0,94.0,88.0,15.0,18819,18117,91.0,3,78.0,68.0,14.8,18.7,48.2,17.4,3,22.3,108.0,78.0,3,40233,108.0,101.0,107.0,103.0,114.0,101.0,59.6,106.0,32438,"Kingston (C)",78730,87.0,23.5,27.1,3,49.6,38.5,3,87.0,104.0,110.0,10142,70.0,85.0,24.2,25.4,43.8,30034,17.3,3,44.5,32.6,83.0,54.8,3,105.0,96.0,31.9,99.0,81.0,95.0,108.0,64.9,24.8,106.0,110.0,16.8,63.0,84.0,81.0,3,27698,"vic",22.9,26.6,92.0,106.0,101.0,93.0,71.5,14258,11.8,3,46.2
3,11.8,37.8,52.4,91.0,13.2,26.8,39.0,62.4,45973,9.8,11.4,108.0,89.0,95.0,3,58840,104.0,3,3,75.0,27756,14025,3,45.7,55.1,22.9,23670,96.0,51.5,25.3,10.0,90.0,99.0,14.4,69.7,3,12.0,70808,7004,15437,13.9,3,17148,119.0,62.1,88.0,106.0,30.9,89.0,19.1,99.0,94.0,88.0,3,104.0,92.0,85.0,14.3,18426,18182,90.0,3,71.0,66.1,13.8,18.3,47.9,17.4,3,22.2,109.0,76.0,3,38855,108.0,98.0,106.0,105.0,112.0,100.0,58.7,105.0,31906,"Knox (C)",79354,86.0,23.5,27.5,3,48.9,38.4,3,85.0,104.0,111.0,10011,68.0,85.0,23.9,25.2,44.0,29791,16.7,3,44.8,32.2,83.0,55.0,3,104.0,94.0,31.6,98.0,80.0,92.0,101.0,65.9,24.5,107.0,110.0,16.5,62.3,84.0,79.0,3,27474,"vic",22.9,26.0,90.0,103.0,99.0,86.0,69.8,14246,11.6,3,45.4
3,17.1,34.1,48.1,78.0,19.7,37.3,36.0,67.3,18856,13.3,10.7,108.0,121.0,132.0,3,23667,137.0,3,3,96.0,15720,9114,3,39.6,62.1,31.9,23810,115.0,61.5,34.0,13.9,108.0,120.0,14.7,74.4,3,15.4,36335,4407,9556,16.7,3,10158,149.0,65.3,100.0,104.0,30.0,120.0,25.2,105.0,98.0,121.0,3,146.0,126.0,119.0,19.4,8247,8312,126.0,3,97.0,71.7,20.9,21.0,57.3,18.7,3,30.4,93.0,91.0,3,19100,99.0,106.0,96.0,112.0,168.0,113.0,66.4,96.0,17211,"Latrobe (C)",37923,88.0,33.5,34.5,3,43.5,35.0,3,115.0,112.0,96.0,5668,64.0,121.0,32.2,35.3,36.8,18529,23.5,3,38.2,32.0,116.0,65.6,3,101.0,107.0,31.0,87.0,110.0,100.0,152.0,69.8,33.8,89.0,101.0,21.0,70.7,100.0,91.0,3,10539,"vic",27.7,35.7,114.0,113.0,144.0,125.0,76.2,8903,16.8,3,39.0
3,15.8,33.5,52.0,75.0,14.3,35.0,37.2,57.1,2064,9.7,12.5,95.0,132.0,124.0,3,2615,193.0,3,3,85.0,1539,587,3,47.3,63.6,38.4,23940,147.0,77.6,28.5,7.5,136.0,94.0,21.6,83.7,3,13.7,4334,405,1030,17.3,3,1035,136.0,71.2,102.0,89.0,24.6,101.0,35.4,117.0,107.0,125.0,3,178.0,112.0,64.0,21.1,851,1292,136.0,3,71.0,62.6,21.8,12.0,70.9,30.7,3,34.5,108.0,94.0,3,2040,99.0,93.0,94.0,126.0,122.0,121.0,69.5,104.0,2292,"Loddon (S)",4494,129.0,42.3,31.3,3,44.7,35.3,3,113.0,184.0,115.0,623,75.0,153.0,31.4,38.1,41.3,2133,28.6,3,44.3,28.2,139.0,84.3,3,83.0,112.0,26.4,90.0,125.0,85.0,159.0,77.4,34.8,100.0,105.0,26.3,75.4,124.0,52.0,3,1208,"vic",21.6,31.8,143.0,101.0,93.0,115.0,68.0,1093,10.9,3,37.4
3,12.0,37.5,52.3,88.0,12.2,32.8,39.1,66.0,12836,9.5,14.2,111.0,89.0,116.0,3,16218,105.0,3,3,72.0,7510,3533,3,44.9,60.1,27.9,24130,108.0,58.1,29.5,8.9,102.0,91.0,18.2,67.4,3,11.5,22096,1938,5361,13.1,3,4647,113.0,58.3,97.0,108.0,31.2,104.0,19.3,95.0,88.0,106.0,3,107.0,110.0,76.0,14.3,5313,6486,111.0,3,69.0,69.9,14.5,15.9,54.3,22.2,3,26.4,106.0,71.0,3,11796,108.0,103.0,105.0,102.0,104.0,109.0,63.9,105.0,10288,"Macedon Ranges (S)",21163,109.0,29.4,26.1,3,48.2,38.3,3,101.0,133.0,109.0,2673,85.0,107.0,28.1,31.1,42.5,10341,17.2,3,43.7,33.1,101.0,61.9,3,105.0,103.0,32.1,97.0,96.0,98.0,106.0,62.8,29.6,103.0,110.0,16.2,67.7,95.0,69.0,3,7493,"vic",21.0,31.1,88.0,109.0,90.0,88.0,73.7,4941,10.5,3,44.1
3,8.3,37.8,55.5,97.0,9.5,21.9,39.0,61.0,36545,6.6,9.4,110.0,60.0,77.0,3,49816,69.0,3,3,48.0,19037,7760,3,44.8,52.5,17.1,24210,89.0,47.7,20.1,7.0,83.0,80.0,12.2,66.2,3,7.8,54789,3612,9746,8.6,3,8529,98.0,58.2,84.0,108.0,31.3,71.0,12.6,94.0,88.0,68.0,3,71.0,74.0,59.0,9.6,15039,11899,71.0,3,48.0,64.9,9.9,14.3,44.1,14.9,3,16.4,107.0,47.0,3,30490,108.0,96.0,106.0,100.0,81.0,96.0,56.1,111.0,24265,"Manningham (C)",59723,73.0,17.9,22.5,3,51.8,38.4,3,66.0,89.0,109.0,4850,56.0,65.0,18.3,19.9,43.1,18449,11.4,3,44.0,32.8,62.0,51.2,3,105.0,90.0,32.1,104.0,59.0,90.0,72.0,62.2,19.1,105.0,110.0,10.6,59.8,77.0,62.0,3,21425,"vic",18.4,21.0,58.0,102.0,70.0,60.0,68.8,8645,8.3,3,48.2
3,14.5,33.2,54.6,79.0,11.7,37.3,36.7,57.8,2073,8.6,12.7,102.0,112.0,132.0,3,2810,157.0,3,3,70.0,1719,490,3,43.8,57.5,34.5,24250,124.0,64.1,30.0,5.7,112.0,107.0,22.1,74.2,3,11.2,4019,385,1064,13.3,3,939,154.0,56.3,92.0,95.0,26.5,106.0,28.8,98.0,85.0,121.0,3,155.0,119.0,48.0,18.0,878,1376,134.0,3,63.0,64.4,20.4,13.7,57.4,31.6,3,30.8,100.0,72.0,3,2023,98.0,95.0,93.0,112.0,100.0,113.0,64.0,109.0,1994,"Mansfield (S)",3869,132.0,38.2,35.6,3,47.1,35.0,3,109.0,189.0,106.0,546,76.0,138.0,30.5,37.4,38.2,2122,24.9,3,41.0,30.2,125.0,70.7,3,89.0,103.0,28.3,94.0,112.0,86.0,149.0,65.2,33.9,93.0,103.0,21.0,70.5,100.0,59.0,3,1189,"vic",24.7,33.7,115.0,105.0,74.0,106.0,70.9,1048,8.7,3,39.6
3,12.7,37.2,51.7,87.0,15.2,22.3,38.7,57.5,24567,10.3,9.2,97.0,98.0,79.0,3,30528,119.0,3,3,80.0,18036,8715,3,49.3,54.7,22.1,24330,107.0,56.2,20.4,11.2,98.0,141.0,12.1,69.4,3,12.9,36485,4427,6652,15.3,3,11078,170.0,60.7,88.0,94.0,27.1,72.0,21.9,98.0,92.0,78.0,3,115.0,75.0,95.0,15.7,8902,8213,82.0,3,75.0,61.7,15.0,25.8,51.4,15.1,3,21.1,117.0,84.0,3,19402,107.0,91.0,105.0,105.0,130.0,102.0,59.1,104.0,17059,"Maribyrnong (C)",41842,73.0,23.2,39.3,3,47.7,37.9,3,75.0,90.0,120.0,6568,55.0,84.0,20.9,22.8,47.0,13506,18.5,3,48.2,28.8,80.0,61.0,3,91.0,95.0,27.9,96.0,76.0,85.0,109.0,65.0,21.9,114.0,109.0,18.6,63.5,90.0,112.0,3,15681,"vic",32.5,21.3,101.0,98.0,112.0,92.0,65.9,6790,13.2,3,43.6
3,12.8,37.7,53.5,92.0,14.0,29.7,38.9,67.5,32622,10.4,13.1,111.0,93.0,105.0,3,42409,107.0,3,3,77.0,20223,10452,3,44.7,58.6,23.8,24410,100.0,53.6,27.6,10.4,94.0,103.0,16.7,68.8,3,12.3,53264,5283,11807,13.9,3,12703,124.0,60.5,94.0,109.0,31.5,98.0,19.7,97.0,91.0,94.0,3,110.0,101.0,89.0,15.0,13267,14891,97.0,3,76.0,71.5,15.2,18.7,49.8,20.4,3,22.9,106.0,76.0,3,29445,108.0,106.0,106.0,104.0,120.0,106.0,62.3,107.0,23785,"Maroondah (C)",55270,100.0,24.6,28.7,3,49.7,38.3,3,91.0,122.0,108.0,7321,78.0,89.0,25.4,27.2,42.8,22417,17.6,3,43.7,33.0,86.0,57.3,3,106.0,100.0,32.3,100.0,83.0,100.0,111.0,64.6,26.3,104.0,110.0,16.8,66.1,87.0,81.0,3,19291,"vic",23.7,28.7,92.0,112.0,104.0,93.0,75.4,10535,12.2,3,45.8
3,8.5,31.5,51.4,89.0,12.2,16.3,34.5,45.8,32784,7.0,13.2,89.0,63.0,58.0,3,49162,73.0,3,3,52.0,30470,12250,3,42.0,43.3,14.9,24600,86.0,44.8,14.1,9.4,78.0,187.0,16.0,62.3,3,8.4,42374,4953,6711,9.5,3,12413,218.0,54.1,70.0,85.0,23.7,50.0,13.4,88.0,82.0,55.0,3,74.0,54.0,80.0,10.1,11801,16900,59.0,3,51.0,50.2,10.1,35.9,40.5,18.8,3,13.9,98.0,52.0,3,22433,93.0,74.0,89.0,94.0,104.0,84.0,47.7,103.0,19916,"Melbourne (C)",59358,96.0,16.0,50.3,3,48.0,33.0,3,51.0,112.0,102.0,7364,79.0,58.0,14.2,16.3,38.4,13932,11.8,3,40.2,26.6,54.0,49.2,3,80.0,77.0,25.1,96.0,50.0,68.0,73.0,58.2,15.3,93.0,97.0,11.4,52.0,71.0,155.0,3,21010,"vic",43.1,15.2,62.0,81.0,92.0,62.0,54.5,7148,10.8,3,44.6
3,15.0,38.1,51.8,88.0,17.8,38.1,39.4,69.4,35478,12.2,8.3,108.0,111.0,135.0,3,43493,128.0,3,3,91.0,19269,14723,3,46.6,62.9,34.2,24650,113.0,60.6,35.2,13.1,106.0,103.0,11.1,72.7,3,14.6,59598,7309,16431,16.6,3,17690,126.0,64.3,101.0,106.0,30.7,125.0,23.6,103.0,97.0,128.0,3,130.0,130.0,112.0,17.8,13794,10929,132.0,3,89.0,73.4,17.8,18.6,56.3,14.0,3,32.8,111.0,91.0,3,32288,109.0,109.0,107.0,110.0,152.0,114.0,67.0,104.0,27272,"Melton (S)",62779,66.0,35.5,29.2,3,47.8,38.8,3,123.0,83.0,113.0,10243,49.0,129.0,34.3,37.0,44.6,32248,20.9,3,45.6,32.2,124.0,64.8,3,103.0,108.0,31.4,96.0,119.0,103.0,130.0,68.5,35.6,108.0,111.0,20.1,71.0,99.0,80.0,3,21650,"vic",23.9,36.7,110.0,114.0,132.0,109.0,77.3,15685,15.5,3,43.8
3,19.5,33.3,48.8,78.0,15.4,40.3,35.3,68.2,13046,14.9,12.6,109.0,135.0,143.0,3,16847,150.0,3,3,106.0,7142,4836,3,37.9,63.0,33.1,24780,117.0,62.6,36.4,10.0,109.0,76.0,17.1,76.6,3,17.1,26203,3472,7198,18.4,3,7882,99.0,66.8,101.0,105.0,30.1,129.0,27.5,108.0,101.0,127.0,3,164.0,136.0,85.0,21.7,5818,6821,134.0,3,109.0,73.2,24.1,12.5,58.5,21.7,3,31.5,88.0,100.0,3,13679,96.0,108.0,94.0,115.0,132.0,116.0,67.5,98.0,12508,"Mildura (RC)",27581,102.0,34.8,22.8,3,43.8,34.3,3,121.0,130.0,92.0,4344,75.0,126.0,33.9,37.3,35.0,13782,26.3,3,36.4,32.3,120.0,66.8,3,101.0,108.0,31.2,88.0,114.0,101.0,175.0,71.7,35.6,85.0,99.0,22.9,72.1,102.0,54.0,3,7171,"vic",17.7,38.4,125.0,116.0,108.0,142.0,78.2,6533,12.7,3,38.9
3,17.0,35.5,51.3,83.0,16.0,35.9,37.5,64.7,10097,13.2,12.7,107.0,128.0,127.0,3,12876,155.0,3,3,102.0,6416,3763,3,43.5,61.3,32.9,24850,117.0,62.4,32.6,11.1,109.0,97.0,17.3,73.8,3,16.3,18496,2330,4838,18.9,3,5622,124.0,63.9,98.0,103.0,29.5,115.0,28.5,104.0,96.0,120.0,3,155.0,121.0,95.0,20.6,4227,5074,126.0,3,96.0,69.2,20.8,16.3,57.8,21.9,3,31.3,102.0,103.0,3,9647,103.0,102.0,100.0,111.0,137.0,113.0,65.8,103.0,8838,"Mitchell (S)",19086,103.0,34.5,28.5,3,46.5,36.5,3,115.0,131.0,106.0,3248,76.0,125.0,32.1,35.2,40.4,9538,24.9,3,41.9,31.7,119.0,67.0,3,99.0,106.0,30.6,93.0,114.0,96.0,152.0,68.8,33.6,98.0,106.0,23.7,70.3,101.0,71.0,3,5844,"vic",22.4,34.3,129.0,109.0,116.0,124.0,73.7,4660,13.6,3,41.7
3,18.5,34.4,50.9,80.0,16.4,36.9,36.6,63.0,7667,13.6,12.7,103.0,139.0,130.0,3,9883,174.0,3,3,105.0,6002,2784,3,42.6,62.6,34.5,24900,125.0,67.0,32.8,10.7,117.0,104.0,18.9,77.4,3,16.8,15173,1767,3891,19.5,3,4223,139.0,67.3,100.0,99.0,28.5,116.0,31.9,109.0,101.0,124.0,3,174.0,123.0,91.0,22.4,3320,4163,131.0,3,99.0,67.7,23.4,16.0,62.2,25.0,3,32.5,99.0,106.0,3,7625,100.0,100.0,97.0,117.0,140.0,115.0,67.2,102.0,7538,"Moira (S)",15670,113.0,36.5,32.0,3,45.4,35.5,3,117.0,149.0,103.0,2424,76.0,132.0,32.7,36.5,39.1,7695,28.0,3,40.8,30.7,125.0,71.7,3,96.0,108.0,29.6,91.0,118.0,93.0,171.0,72.3,34.6,95.0,103.0,25.7,71.8,109.0,69.0,3,4321,"vic",24.0,34.8,140.0,107.0,115.0,135.0,72.3,3772,13.5,3,39.9
3,8.3,36.8,53.8,95.0,11.4,21.5,38.0,59.5,54281,6.8,9.2,103.0,63.0,76.0,3,74356,76.0,3,3,53.0,29540,14949,3,45.4,53.2,18.4,24970,93.0,50.0,20.1,8.8,87.0,88.0,11.6,68.3,3,8.5,81727,5932,14579,10.0,3,14700,105.0,61.2,85.0,100.0,29.2,71.0,13.9,98.0,92.0,71.0,3,74.0,74.0,75.0,10.2,21422,17271,73.0,3,50.0,63.0,9.7,16.4,46.7,14.0,3,17.7,108.0,54.0,3,44738,105.0,93.0,104.0,103.0,97.0,96.0,56.5,108.0,36936,"Monash (C)",95337,69.0,19.1,24.2,3,50.5,37.4,3,68.0,83.0,110.0,8656,55.0,69.0,19.0,20.3,43.8,28286,11.9,3,44.6,30.5,67.0,53.4,3,98.0,91.0,29.9,101.0,64.0,88.0,71.0,64.7,19.7,106.0,107.0,11.9,59.9,82.0,71.0,3,32789,"vic",20.3,20.8,65.0,98.0,86.0,60.0,66.4,13601,10.1,3,47.2
3,12.2,38.0,52.9,91.0,13.3,27.6,39.2,64.3,36092,10.1,11.8,111.0,86.0,98.0,3,46042,96.0,3,3,71.0,20543,10914,3,45.1,55.6,22.1,25060,95.0,50.8,25.5,10.0,89.0,96.0,14.9,66.1,3,11.5,55140,5488,11786,12.5,3,12902,116.0,58.2,89.0,109.0,31.6,90.0,17.6,94.0,88.0,87.0,3,101.0,94.0,85.0,13.8,14548,14355,91.0,3,73.0,68.3,14.4,17.7,47.1,18.0,3,21.2,107.0,68.0,3,30625,109.0,101.0,107.0,100.0,114.0,101.0,59.3,106.0,24478,"Moonee Valley (C)",58274,89.0,23.0,26.7,3,49.2,38.6,3,84.0,108.0,110.0,7311,70.0,83.0,23.4,25.3,43.3,22478,16.2,3,44.2,33.1,80.0,54.4,3,106.0,95.0,32.4,99.0,77.0,95.0,105.0,62.2,24.4,105.0,110.0,15.1,63.1,82.0,77.0,3,21481,"vic",22.2,26.5,82.0,107.0,99.0,89.0,72.3,10616,11.6,3,45.5
3,15.2,36.7,52.9,83.0,15.9,38.0,38.9,64.9,8780,11.0,11.7,109.0,115.0,135.0,3,10990,145.0,3,3,86.0,5295,3046,3,45.7,60.1,34.1,25150,116.0,60.8,33.8,10.3,106.0,95.0,17.3,73.7,3,13.8,15483,1733,4281,16.0,3,4206,128.0,61.6,96.0,104.0,29.8,119.0,26.5,102.0,93.0,126.0,3,144.0,127.0,88.0,18.5,3575,4245,133.0,3,80.0,70.1,19.3,14.2,55.4,22.8,3,32.1,107.0,87.0,3,8201,106.0,104.0,103.0,111.0,136.0,113.0,65.3,106.0,7272,"Moorabool (S)",15770,103.0,36.1,29.7,3,47.2,37.8,3,119.0,136.0,111.0,2440,70.0,131.0,33.2,37.1,42.5,8379,23.2,3,44.1,32.3,124.0,66.2,3,100.0,105.0,31.1,95.0,116.0,96.0,141.0,67.6,35.1,103.0,109.0,21.3,70.6,97.0,62.0,3,5188,"vic",21.9,35.9,116.0,112.0,112.0,111.0,75.4,4064,13.1,3,41.6
3,12.3,37.5,51.9,91.0,14.7,26.7,38.5,65.2,49486,10.4,10.6,105.0,89.0,94.0,3,63149,100.0,3,3,76.0,37581,17282,3,45.7,58.5,22.8,25250,103.0,55.3,24.1,11.6,97.0,137.0,13.2,68.0,3,12.2,78012,8030,15416,13.7,3,19362,160.0,60.8,94.0,103.0,30.0,85.0,18.3,97.0,92.0,87.0,3,102.0,90.0,99.0,14.3,19286,17714,91.0,3,76.0,68.7,14.2,26.4,51.7,15.8,3,21.6,109.0,74.0,3,42664,107.0,102.0,105.0,102.0,126.0,105.0,62.0,104.0,35298,"Moreland (C)",83750,79.0,23.9,37.0,3,48.7,38.0,3,82.0,95.0,111.0,11182,64.0,87.0,23.0,25.4,44.2,30048,16.4,3,45.0,31.3,83.0,58.8,3,101.0,100.0,30.6,98.0,78.0,96.0,104.0,64.4,24.2,107.0,108.0,16.0,65.5,90.0,114.0,3,30153,"vic",31.7,25.4,87.0,107.0,112.0,90.0,72.3,14514,13.2,3,45.5
3,15.3,37.7,50.8,90.0,12.6,31.0,38.7,67.6,46507,13.0,15.7,110.0,108.0,110.0,3,58909,117.0,3,3,93.0,28974,13109,3,44.0,58.3,24.4,25340,95.0,51.8,29.4,9.9,91.0,90.0,18.9,65.6,3,14.9,77577,7999,18136,16.3,3,18596,106.0,59.3,93.0,108.0,31.6,104.0,21.4,94.0,89.0,98.0,3,123.0,107.0,84.0,17.3,19468,23438,100.0,3,95.0,70.5,17.6,17.1,49.2,22.2,3,23.8,105.0,89.0,3,43016,107.0,104.0,106.0,99.0,107.0,102.0,61.0,102.0,34512,"Mornington Peninsula (S)",76511,113.0,25.1,24.4,3,47.9,38.2,3,96.0,132.0,107.0,10444,94.0,91.0,26.7,28.1,42.5,34178,19.8,3,43.3,32.8,89.0,54.5,3,106.0,98.0,32.2,96.0,86.0,100.0,129.0,62.4,27.4,103.0,109.0,18.8,63.8,86.0,74.0,3,26916,"vic",20.8,30.2,103.0,109.0,96.0,112.0,73.4,15932,11.2,3,44.9
3,15.8,34.0,52.8,77.0,16.5,37.7,37.1,60.8,4999,9.8,13.9,110.0,114.0,133.0,3,6450,148.0,3,3,73.0,3095,1706,3,41.3,56.4,30.3,25430,113.0,58.5,30.8,9.1,102.0,81.0,22.6,74.7,3,11.8,9355,955,2477,13.3,3,2245,117.0,59.4,90.0,105.0,29.4,109.0,27.2,101.0,90.0,115.0,3,155.0,121.0,77.0,18.3,2216,3294,127.0,3,71.0,67.6,21.7,10.2,52.4,31.4,3,27.1,95.0,72.0,3,4876,100.0,100.0,96.0,113.0,141.0,111.0,62.8,106.0,4473,"Mount Alexander (S)",9419,135.0,33.5,27.0,3,45.6,35.6,3,103.0,188.0,100.0,1273,83.0,121.0,28.9,35.4,36.7,4756,24.8,3,39.0,32.8,110.0,64.6,3,99.0,101.0,31.1,91.0,98.0,90.0,158.0,67.1,32.1,89.0,104.0,20.3,69.3,92.0,44.0,3,2764,"vic",18.6,34.3,110.0,110.0,109.0,115.0,74.4,2262,12.8,3,38.4
3,14.1,35.5,56.0,76.0,12.4,37.9,39.4,63.2,4297,7.4,11.2,110.0,113.0,134.0,1,5395,170.0,1,3,63.0,3049,1008,3,46.4,63.8,34.9,25490,144.0,73.3,29.6,5.7,128.0,104.0,23.1,85.2,3,10.1,8544,770,2030,12.3,3,1940,162.0,67.4,102.0,104.0,29.2,105.0,31.1,115.0,102.0,123.0,3,164.0,119.0,48.0,18.2,1825,2779,137.0,3,54.0,70.8,20.8,10.8,64.5,34.9,3,30.7,105.0,67.0,3,4218,105.0,105.0,100.0,128.0,105.0,128.0,71.9,112.0,4320,"Moyne (S)",8759,138.0,39.1,37.4,3,46.9,37.4,3,108.0,209.0,113.0,1156,67.0,142.0,30.3,38.3,40.5,4068,26.3,3,43.4,32.8,127.0,82.2,3,98.0,115.0,31.0,94.0,111.0,94.0,152.0,76.3,34.3,98.0,111.0,21.7,79.9,113.0,47.0,3,2460,"vic",24.1,33.7,118.0,116.0,77.0,103.0,78.4,2019,9.0,3,37.8
3,15.3,35.5,54.6,80.0,15.7,35.1,38.6,58.9,3943,9.7,12.6,104.0,123.0,124.0,3,5058,171.0,3,3,82.0,2509,1275,3,46.8,58.8,33.3,25620,126.0,65.3,29.0,8.8,114.0,92.0,21.4,77.0,3,13.1,7190,780,1794,16.1,3,1960,133.0,62.2,94.0,99.0,27.7,103.0,31.4,105.0,94.0,117.0,3,164.0,113.0,75.0,19.8,1622,2375,128.0,3,71.0,65.1,20.9,12.0,58.6,30.1,3,30.1,108.0,88.0,3,3630,104.0,96.0,100.0,116.0,134.0,115.0,65.1,109.0,3557,"Murrindindi (S)",7419,128.0,36.6,30.6,3,47.3,37.0,3,106.0,180.0,114.0,1166,75.0,133.0,29.7,35.7,41.9,3602,26.4,3,44.4,30.9,121.0,71.9,3,93.0,105.0,29.3,95.0,109.0,87.0,153.0,69.6,32.7,102.0,109.0,23.8,71.5,103.0,52.0,3,2313,"vic",21.3,32.1,130.0,106.0,105.0,112.0,71.4,1792,12.3,3,40.1
3,9.6,38.7,54.7,92.0,10.4,24.8,40.3,61.9,18524,7.5,13.7,109.0,75.0,88.0,3,23694,94.0,3,3,59.0,11091,4245,3,48.1,55.7,21.7,25710,102.0,53.8,22.7,7.2,94.0,99.0,18.0,62.8,3,9.5,28783,2323,5744,11.2,3,5734,124.0,52.5,89.0,106.0,30.6,80.0,17.2,87.0,79.0,82.0,3,91.0,84.0,61.0,12.1,7291,9101,85.0,3,55.0,66.3,11.8,17.2,49.4,22.3,3,20.7,114.0,61.0,3,15578,111.0,98.0,109.0,95.0,88.0,103.0,60.1,110.0,13186,"Nillumbik (S)",27278,108.0,22.7,28.6,3,50.2,39.5,3,78.0,133.0,117.0,3367,82.0,82.0,21.8,23.8,45.7,11192,14.6,3,46.9,32.5,79.0,58.3,3,103.0,96.0,31.5,101.0,75.0,92.0,86.0,57.6,22.8,111.0,113.0,14.2,64.4,86.0,75.0,3,11211,"vic",22.9,23.8,77.0,105.0,75.0,70.0,70.6,5406,8.8,3,45.8
3,18.1,33.3,55.3,72.0,21.3,37.4,37.1,59.5,3041,9.7,7.9,105.0,141.0,132.0,1,3975,205.0,1,3,80.0,2106,1292,3,43.7,58.0,33.2,25810,128.0,65.0,30.6,9.8,114.0,92.0,18.4,80.5,3,12.9,5989,714,1521,15.7,3,1740,149.0,61.4,93.0,99.0,27.6,108.0,37.6,107.0,93.0,120.0,3,201.0,120.0,83.0,22.6,1303,1637,131.0,3,71.0,68.0,26.5,8.1,56.8,28.9,3,29.8,99.0,85.0,3,3036,99.0,101.0,94.0,121.0,181.0,120.0,66.3,111.0,2949,"Northern Grampians (S)",6157,110.0,36.5,34.4,3,45.6,35.2,3,108.0,173.0,106.0,1013,47.0,132.0,30.2,36.7,37.5,2995,32.4,3,40.6,31.3,120.0,73.3,3,93.0,106.0,29.5,91.0,108.0,88.0,193.0,71.0,33.5,91.0,104.0,26.6,74.5,99.0,35.0,3,1728,"vic",21.3,34.0,145.0,113.0,132.0,132.0,76.5,1461,15.5,3,36.0
3,11.0,35.7,51.8,88.0,12.1,19.6,37.5,55.7,32690,8.7,15.6,99.0,77.0,69.0,3,41886,89.0,3,3,61.0,24324,9239,3,45.2,50.7,16.6,25900,96.0,50.3,16.4,8.7,88.0,138.0,19.6,57.9,3,9.9,47097,4993,7489,10.8,3,12034,168.0,47.9,81.0,96.0,27.6,58.0,16.3,80.0,72.0,62.0,3,93.0,64.0,74.0,12.4,12236,18279,68.0,3,64.0,60.4,13.3,25.1,45.5,23.6,3,15.0,107.0,59.0,3,25515,103.0,89.0,101.0,87.0,103.0,97.0,55.4,104.0,21552,"Port Phillip (C)",46308,117.0,18.1,38.7,3,47.8,36.6,3,57.0,141.0,110.0,6947,93.0,66.0,15.8,19.0,42.9,14737,14.9,3,44.1,29.5,60.0,55.0,3,93.0,89.0,28.6,96.0,54.0,82.0,97.0,52.9,17.4,104.0,105.0,13.5,60.1,80.0,109.0,3,20449,"vic",31.9,18.0,74.0,96.0,89.0,80.0,65.2,7185,10.4,3,43.8
3,17.8,33.8,53.5,70.0,20.6,39.6,38.2,57.1,1918,9.2,9.5,105.0,137.0,140.0,1,2372,199.0,1,3,76.0,1341,735,1,45.8,58.6,36.4,25990,133.0,68.0,30.5,8.9,119.0,91.0,19.7,82.0,3,12.2,3764,411,1007,14.6,3,1002,135.0,63.9,94.0,97.0,26.7,108.0,36.5,110.0,96.0,128.0,3,198.0,124.0,76.0,22.0,819,1085,144.0,3,67.0,64.9,26.4,10.5,60.1,29.9,3,31.5,103.0,79.0,3,1861,101.0,96.0,95.0,124.0,176.0,119.0,66.3,107.0,1901,"Pyrenees (S)",3876,118.0,41.2,31.3,3,44.3,36.0,3,112.0,179.0,111.0,583,57.0,149.0,31.2,40.1,38.9,2002,31.9,3,42.3,31.1,132.0,76.0,3,90.0,106.0,28.9,89.0,114.0,85.0,192.0,73.0,35.6,94.0,107.0,25.5,74.0,105.0,46.0,3,1094,"vic",20.9,35.1,139.0,107.0,126.0,130.0,72.6,987,14.7,3,35.0
3,11.6,32.4,68.8,57.0,17.7,37.1,40.7,58.3,907,-0.8,-2.4,132.0,79.0,131.0,2,1213,146.0,2,2,-1.0,439,234,2,43.2,49.2,23.4,26080,128.0,57.1,23.2,1.7,100.0,69.0,18.4,84.2,3,-0.2,1719,126,366,null,3,290,160.0,39.3,79.0,117.0,30.4,82.0,26.8,93.0,59.0,95.0,3,160.0,106.0,14.0,12.8,414,476,116.0,3,-6.0,78.0,23.9,-5.2,41.2,39.1,3,17.8,91.0,null,3,939,103.0,115.0,91.0,127.0,151.0,135.0,66.7,138.0,780,"Queenscliffe (B)",1537,110.0,29.0,37.0,3,48.7,36.5,1,74.0,234.0,105.0,162,-14.0,105.0,20.5,32.5,31.6,681,25.7,3,37.4,39.3,85.0,73.0,3,102.0,107.0,34.9,98.0,64.0,86.0,174.0,61.7,26.5,77.0,114.0,13.4,84.2,72.0,-23.0,2,488,"vic",15.9,30.1,73.0,144.0,83.0,84.0,97.6,313,9.7,3,28.6
3,16.2,34.7,54.8,81.0,14.5,34.6,37.5,65.0,7515,10.4,15.3,110.0,119.0,122.0,3,9955,154.0,3,3,79.0,6620,2224,3,42.3,62.0,30.3,26170,124.0,65.0,29.7,7.9,114.0,120.0,24.1,78.8,3,12.7,14811,1498,3447,14.5,3,3550,163.0,64.9,100.0,105.0,29.9,105.0,28.3,108.0,98.0,112.0,3,159.0,114.0,67.0,19.2,3309,5212,120.0,3,76.0,71.2,22.0,17.6,59.1,32.9,3,27.8,97.0,79.0,3,7612,102.0,105.0,98.0,119.0,124.0,118.0,67.9,110.0,7190,"South Gippsland (S)",14946,144.0,32.7,37.7,3,47.6,36.1,3,103.0,197.0,103.0,2024,92.0,119.0,28.9,33.5,37.9,6745,25.6,3,40.1,32.7,110.0,70.9,3,100.0,109.0,31.3,95.0,101.0,96.0,160.0,71.8,31.2,92.0,106.0,21.4,73.8,103.0,76.0,3,4176,"vic",27.6,32.2,117.0,114.0,95.0,118.0,77.3,3271,11.2,3,40.4
3,15.0,34.4,54.9,81.0,13.8,33.5,37.5,65.1,4210,9.3,12.2,112.0,112.0,118.0,3,5642,149.0,3,3,73.0,3190,1205,3,41.8,61.6,28.3,26260,123.0,64.6,27.7,7.4,113.0,104.0,20.1,78.6,3,11.7,8268,792,1817,13.3,3,1889,145.0,64.8,99.0,107.0,30.1,98.0,27.3,108.0,98.0,105.0,3,151.0,108.0,63.0,18.0,1867,2421,114.0,3,68.0,71.6,20.6,14.5,58.6,28.0,3,25.7,96.0,73.0,3,4246,101.0,106.0,97.0,119.0,118.0,119.0,67.8,110.0,4017,"Southern Grampians (S)",8483,120.0,30.9,33.4,3,47.6,35.9,3,96.0,167.0,102.0,1082,73.0,112.0,26.7,31.9,37.1,3543,24.3,3,39.5,33.3,103.0,70.6,3,101.0,109.0,31.7,95.0,93.0,96.0,150.0,71.7,29.3,90.0,105.0,20.3,73.9,103.0,63.0,3,2326,"vic",24.0,30.6,111.0,116.0,90.0,109.0,78.1,1713,10.6,3,40.3
3,9.2,36.6,55.0,92.0,10.1,18.5,38.3,55.0,33008,7.0,14.1,107.0,64.0,65.0,3,44637,75.0,3,3,49.0,20037,7588,3,44.5,47.6,13.9,26350,87.0,45.0,15.5,6.9,79.0,107.0,18.6,57.9,3,7.9,44782,3985,6848,8.5,3,9508,135.0,47.0,76.0,104.0,30.0,55.0,13.7,79.0,71.0,55.0,3,79.0,60.0,59.0,10.3,13009,16888,60.0,3,51.0,60.4,11.5,18.3,40.2,23.1,3,12.6,105.0,46.0,3,24939,105.0,89.0,103.0,87.0,86.0,93.0,52.6,110.0,19816,"Stonnington (C)",46131,111.0,15.2,31.1,3,50.5,37.4,3,51.0,138.0,108.0,5447,84.0,55.0,14.1,16.8,42.1,13055,12.7,3,43.3,31.9,50.0,49.9,3,101.0,84.0,30.9,101.0,46.0,81.0,84.0,52.5,15.5,102.0,108.0,11.1,57.7,70.0,79.0,3,19959,"vic",24.7,17.0,61.0,97.0,73.0,67.0,65.8,6163,8.5,3,46.0
3,15.8,33.5,56.5,75.0,16.1,38.3,37.5,56.0,2790,7.9,10.2,102.0,125.0,136.0,1,3729,188.0,1,3,67.0,1748,864,1,45.4,58.0,36.4,26430,135.0,68.4,29.7,7.3,120.0,81.0,22.7,81.5,3,10.7,5476,539,1413,13.1,3,1342,132.0,61.9,93.0,95.0,26.3,105.0,34.6,108.0,93.0,126.0,3,183.0,120.0,62.0,20.0,1188,1813,141.0,3,57.0,63.9,23.7,6.9,59.9,35.3,3,31.7,102.0,71.0,3,2690,100.0,95.0,94.0,123.0,138.0,119.0,66.0,113.0,2782,"Strathbogie (S)",5637,136.0,41.1,30.5,3,47.0,35.5,3,110.0,211.0,110.0,792,61.0,149.0,30.7,39.4,39.0,2854,29.4,3,42.2,30.2,132.0,76.9,3,89.0,106.0,28.3,94.0,115.0,83.0,173.0,71.7,35.1,95.0,105.0,23.8,74.0,105.0,30.0,3,1594,"vic",18.7,34.0,130.0,106.0,100.0,115.0,71.9,1427,11.7,3,37.5
3,13.6,35.1,55.6,85.0,12.2,31.5,37.7,64.6,7652,9.0,14.3,112.0,99.0,111.0,3,10302,127.0,3,3,68.0,3883,2014,3,42.1,59.4,25.8,26490,116.0,60.4,26.3,7.2,106.0,76.0,21.7,69.2,3,10.9,14106,1349,3087,12.3,3,3236,106.0,54.6,95.0,107.0,30.5,93.0,23.2,93.0,82.0,98.0,3,131.0,102.0,61.0,16.0,3291,4829,106.0,3,66.0,70.8,18.1,10.4,54.6,29.1,3,23.4,97.0,67.0,3,7432,102.0,105.0,99.0,104.0,104.0,114.0,65.3,111.0,6665,"Surf Coast (S)",13002,130.0,28.2,24.5,3,49.1,36.4,3,89.0,174.0,102.0,1862,85.0,102.0,24.9,29.7,38.0,5932,21.0,3,40.1,33.3,94.0,66.2,3,103.0,105.0,31.9,98.0,85.0,96.0,132.0,61.9,27.3,92.0,106.0,17.8,71.3,95.0,45.0,3,4335,"vic",17.5,28.9,97.0,114.0,83.0,99.0,77.0,2824,9.7,3,42.6
3,17.9,33.6,50.2,76.0,13.9,34.7,36.3,63.8,5123,12.7,12.9,101.0,140.0,123.0,3,6510,183.0,3,3,102.0,3193,1587,3,43.0,64.8,33.8,26610,137.0,72.1,30.2,7.9,126.0,88.0,19.9,79.6,3,16.3,10538,1291,2444,19.6,3,3120,120.0,67.8,104.0,97.0,27.5,107.0,33.6,111.0,102.0,118.0,3,178.0,115.0,67.0,22.5,2176,3040,126.0,3,92.0,69.2,23.1,12.8,66.2,27.0,3,31.5,99.0,107.0,3,5217,98.0,102.0,94.0,120.0,118.0,122.0,70.4,101.0,5312,"Swan Hill (RC)",10913,119.0,36.2,27.7,3,43.9,34.9,3,110.0,161.0,104.0,1806,77.0,131.0,30.8,35.2,38.7,4907,28.6,3,40.9,30.1,123.0,78.1,3,92.0,113.0,28.8,88.0,114.0,94.0,168.0,73.7,33.0,94.0,102.0,26.6,76.0,116.0,56.0,3,2933,"vic",20.3,32.4,145.0,110.0,93.0,130.0,74.6,2443,10.9,3,37.7
3,14.1,33.8,57.9,72.0,12.7,37.4,38.5,56.7,1616,5.6,11.9,108.0,113.0,132.0,1,2098,182.0,1,1,50.0,1103,352,1,46.0,57.0,33.7,26670,133.0,66.7,27.2,4.2,117.0,89.0,27.6,81.8,3,8.0,3140,277,774,9.9,3,690,150.0,58.8,91.0,100.0,27.3,96.0,33.5,106.0,89.0,118.0,3,176.0,114.0,35.0,18.1,698,1274,136.0,3,41.0,65.7,22.6,6.5,57.4,43.3,3,28.3,102.0,54.0,3,1568,102.0,97.0,95.0,123.0,109.0,120.0,66.0,116.0,1569,"Towong (S)",3126,165.0,39.1,34.6,3,46.9,36.2,1,100.0,259.0,112.0,408,71.0,142.0,27.8,38.0,38.2,1548,28.3,3,42.1,32.1,122.0,76.0,3,92.0,106.0,29.7,94.0,103.0,84.0,165.0,70.3,32.9,93.0,108.0,21.7,75.0,100.0,28.0,1,912,"vic",20.6,32.3,118.0,111.0,72.0,103.0,74.7,767,8.4,3,35.9
3,15.3,33.8,52.3,82.0,16.7,37.9,36.2,67.7,7108,10.7,14.5,112.0,108.0,134.0,3,9520,130.0,3,3,78.0,5590,2671,3,38.8,61.1,30.2,26700,113.0,60.1,32.9,10.4,105.0,106.0,21.1,75.0,3,12.5,13939,1382,3571,13.7,3,3211,140.0,63.4,98.0,108.0,30.7,116.0,23.9,104.0,96.0,117.0,3,138.0,125.0,89.0,17.4,3209,4423,125.0,3,78.0,73.2,19.9,16.7,55.4,27.7,3,28.0,90.0,75.0,3,7372,98.0,108.0,95.0,113.0,142.0,114.0,66.1,105.0,6557,"Wangaratta (RC)",14117,126.0,32.4,32.4,3,46.6,35.0,3,109.0,165.0,94.0,1802,87.0,117.0,30.4,34.9,35.4,6810,22.2,3,37.1,33.3,109.0,64.8,3,103.0,106.0,32.0,93.0,102.0,100.0,145.0,69.2,32.6,86.0,102.0,18.8,71.2,97.0,72.0,3,3865,"vic",24.5,35.4,103.0,116.0,116.0,112.0,78.7,3215,13.6,3,40.9
3,15.7,34.1,54.3,79.0,16.5,38.6,36.9,66.2,8581,9.9,9.4,114.0,110.0,136.0,3,11436,138.0,3,3,71.0,5384,3150,3,39.9,58.6,29.7,26730,114.0,58.6,33.1,9.2,102.0,93.0,16.7,75.2,3,11.5,16070,1806,4184,12.5,3,4144,135.0,59.3,94.0,110.0,31.2,117.0,25.3,101.0,89.0,116.0,3,148.0,127.0,78.0,17.6,3795,4215,125.0,3,72.0,73.9,21.4,11.6,51.9,24.0,3,27.4,92.0,68.0,3,8593,100.0,109.0,96.0,113.0,141.0,117.0,65.7,109.0,7466,"Warrnambool (C)",16475,100.0,31.9,31.2,3,46.7,35.5,3,108.0,143.0,97.0,2304,56.0,116.0,30.2,34.9,35.6,7951,23.8,3,37.8,34.0,108.0,65.2,3,105.0,105.0,32.6,94.0,100.0,98.0,156.0,67.3,32.5,86.0,104.0,18.9,72.8,91.0,50.0,3,4751,"vic",21.4,35.8,103.0,121.0,110.0,114.0,81.7,3741,12.9,3,39.2
3,16.9,34.1,50.5,83.0,15.4,39.0,36.0,68.2,10705,13.1,14.5,107.0,124.0,138.0,3,14162,144.0,3,3,97.0,7622,3925,3,39.7,63.7,32.9,26810,118.0,63.5,34.9,10.9,111.0,97.0,19.5,75.6,3,15.7,21370,2356,5708,17.5,3,5609,124.0,66.6,102.0,104.0,29.9,123.0,26.5,107.0,100.0,125.0,3,150.0,131.0,93.0,19.9,4714,6237,131.0,3,95.0,72.3,20.8,16.4,59.7,24.6,3,31.1,93.0,95.0,3,11104,99.0,107.0,96.0,114.0,132.0,115.0,67.6,101.0,10251,"Wellington (S)",21792,117.0,34.8,28.5,3,46.0,35.1,3,118.0,147.0,96.0,3207,87.0,126.0,33.0,36.7,36.9,10973,24.1,3,38.3,31.9,119.0,67.3,3,101.0,108.0,30.9,92.0,113.0,101.0,151.0,71.1,34.8,90.0,101.0,22.0,71.5,104.0,71.0,3,5950,"vic",22.5,36.9,120.0,113.0,112.0,123.0,76.4,5225,13.2,3,41.5
3,13.7,33.4,60.9,63.0,15.7,37.6,39.8,53.5,1136,2.8,1.6,106.0,118.0,133.0,1,1439,226.0,1,1,30.0,905,273,1,50.1,57.4,35.3,26890,157.0,75.7,24.4,3.0,132.0,105.0,18.9,89.6,3,4.8,2295,193,519,6.5,3,496,199.0,64.2,92.0,96.0,25.5,86.0,41.4,116.0,97.0,118.0,3,205.0,110.0,26.0,18.9,479,594,142.0,3,20.0,64.6,24.7,2.6,61.4,36.2,3,28.0,109.0,36.0,3,1092,103.0,96.0,94.0,135.0,134.0,132.0,69.7,122.0,1201,"West Wimmera (S)",2397,113.0,42.7,45.9,3,46.0,36.6,1,94.0,216.0,122.0,299,10.0,155.0,26.2,39.7,39.8,1063,33.0,3,44.9,31.6,128.0,90.0,3,86.0,112.0,28.5,92.0,101.0,79.0,180.0,76.9,33.0,97.0,112.0,24.0,82.0,107.0,11.0,1,654,"vic",24.3,31.0,131.0,112.0,80.0,100.0,75.8,538,9.3,3,31.2
3,9.3,37.2,54.1,96.0,11.1,22.3,38.2,62.6,48270,7.8,10.9,110.0,67.0,79.0,3,66030,75.0,3,3,56.0,30015,12720,3,43.5,53.2,17.4,26980,88.0,47.4,21.0,8.6,83.0,100.0,13.4,66.4,3,9.1,72275,5684,13110,10.1,3,13506,117.0,59.6,85.0,108.0,31.4,74.0,13.8,95.0,90.0,70.0,3,77.0,77.0,73.0,10.8,19766,17530,72.0,3,57.0,66.0,10.8,19.1,44.4,15.8,3,16.8,104.0,55.0,3,40504,106.0,98.0,105.0,100.0,95.0,96.0,56.4,109.0,31721,"Whitehorse (C)",81622,80.0,18.0,27.0,3,51.0,37.7,3,68.0,95.0,106.0,7715,65.0,65.0,18.9,20.1,42.1,24759,12.4,3,42.8,32.7,63.0,50.4,3,105.0,90.0,32.0,102.0,61.0,93.0,79.0,63.0,19.5,102.0,108.0,12.0,59.6,78.0,83.0,3,28401,"vic",23.0,21.7,65.0,103.0,84.0,68.0,69.3,11567,9.8,3,47.9
3,13.6,37.9,51.6,90.0,16.9,32.9,39.1,66.8,54903,11.3,7.8,106.0,100.0,116.0,3,68329,114.0,3,3,84.0,31471,21784,3,46.6,60.6,29.3,27070,107.0,57.9,31.1,13.0,101.0,104.0,10.0,73.7,3,13.6,89410,9949,22111,15.4,3,24177,124.0,66.8,97.0,104.0,30.2,110.0,21.0,106.0,101.0,110.0,3,116.0,113.0,111.0,16.1,21348,15038,113.0,3,83.0,70.3,15.8,19.6,54.2,12.2,3,28.5,111.0,84.0,3,48485,108.0,104.0,107.0,111.0,144.0,109.0,64.2,103.0,40866,"Whittlesea (C)",100035,60.0,30.1,28.5,3,48.1,38.5,3,108.0,73.0,113.0,14041,46.0,109.0,30.0,31.6,44.8,43270,18.6,3,45.7,31.5,106.0,61.5,3,102.0,103.0,30.9,96.0,103.0,99.0,115.0,70.2,30.8,109.0,110.0,18.2,67.7,95.0,85.0,3,33503,"vic",24.1,32.0,99.0,109.0,128.0,99.0,73.8,20988,15.0,3,44.7
3,17.0,33.8,54.0,78.0,18.3,40.6,36.6,69.0,9290,11.0,9.7,114.0,118.0,144.0,3,12349,146.0,3,3,79.0,6580,3858,3,39.5,61.6,32.0,27170,120.0,61.7,35.0,10.2,108.0,109.0,16.7,74.8,3,12.6,18096,2210,4836,13.7,3,5084,155.0,59.1,99.0,109.0,31.0,124.0,26.8,101.0,89.0,125.0,3,158.0,134.0,87.0,19.0,4089,4687,133.0,3,80.0,76.5,23.1,14.6,55.1,23.8,3,29.7,91.0,74.0,3,9644,99.0,113.0,95.0,113.0,156.0,121.0,68.6,108.0,8440,"Wodonga (RC)",17833,100.0,34.3,35.7,3,46.5,35.2,3,116.0,143.0,96.0,2832,58.0,124.0,32.3,37.2,35.2,9255,25.4,3,37.3,33.9,116.0,68.4,3,104.0,110.0,32.5,93.0,108.0,102.0,169.0,66.9,34.8,85.0,103.0,20.2,75.6,96.0,63.0,3,5165,"vic",25.1,37.8,110.0,124.0,122.0,124.0,84.0,4387,14.3,3,38.9
3,13.5,38.3,52.5,92.0,16.5,33.2,39.4,69.4,56533,11.5,8.9,106.0,98.0,117.0,3,70970,108.0,3,3,84.0,27144,22187,3,47.0,63.2,30.1,27260,112.0,60.4,31.5,13.0,106.0,95.0,11.0,71.4,3,13.5,92932,10515,22613,15.1,3,25190,113.0,64.8,102.0,104.0,30.4,111.0,19.8,103.0,98.0,113.0,3,111.0,114.0,111.0,15.7,21534,17122,115.0,3,84.0,72.7,15.5,18.0,56.9,13.1,3,29.3,112.0,82.0,3,50345,109.0,108.0,108.0,108.0,141.0,112.0,66.6,105.0,42528,"Wyndham (C)",98704,66.0,30.9,26.0,3,49.3,38.9,3,110.0,78.0,114.0,14476,53.0,112.0,30.7,32.3,45.4,44346,17.9,3,46.2,31.7,109.0,64.0,3,102.0,107.0,31.0,99.0,106.0,103.0,113.0,68.1,31.5,110.0,111.0,17.5,70.0,100.0,78.0,3,34975,"vic",22.0,32.3,95.0,113.0,126.0,99.0,76.0,21555,14.8,3,46.1
3,12.4,36.2,52.3,89.0,12.4,18.6,37.7,53.9,27179,9.9,17.0,104.0,85.0,66.0,3,35076,95.0,3,3,69.0,22220,7982,3,44.5,47.9,15.2,27350,89.0,46.4,15.5,9.0,81.0,158.0,21.3,61.7,3,11.1,36388,4656,5686,11.9,3,11154,188.0,51.9,77.0,101.0,29.0,55.0,17.5,86.0,78.0,58.0,3,102.0,60.0,77.0,13.7,10364,16327,63.0,3,72.0,59.0,14.9,29.3,41.8,25.5,3,13.8,105.0,65.0,3,20004,104.0,87.0,102.0,93.0,106.0,92.0,52.7,105.0,16360,"Yarra (C)",41123,127.0,16.6,43.5,3,48.3,37.0,3,53.0,153.0,108.0,6409,102.0,60.0,14.8,17.7,42.4,11186,16.3,3,43.4,30.9,55.0,51.0,3,98.0,85.0,29.9,97.0,50.0,80.0,109.0,56.8,16.3,103.0,106.0,14.7,57.5,73.0,127.0,3,16803,"vic",36.4,17.1,80.0,95.0,92.0,90.0,64.0,5455,10.7,3,44.3
3,14.3,37.9,51.6,91.0,13.6,29.1,39.1,65.2,43942,12.2,16.6,107.0,109.0,103.0,3,55803,125.0,3,3,94.0,27996,14055,3,46.0,58.8,25.6,27450,102.0,55.3,27.6,10.7,97.0,103.0,19.8,66.5,3,15.1,71740,8050,16361,17.6,3,19789,120.0,59.8,94.0,105.0,30.7,98.0,23.0,95.0,90.0,97.0,3,124.0,100.0,92.0,17.5,17633,23865,100.0,3,89.0,68.2,16.4,19.9,52.3,22.9,3,24.9,110.0,96.0,3,38848,108.0,101.0,107.0,100.0,116.0,104.0,61.8,103.0,32845,"Yarra Ranges (S)",72575,118.0,26.3,27.6,3,48.6,38.5,3,95.0,137.0,112.0,11588,99.0,96.0,26.4,27.8,44.2,31775,19.9,3,45.1,32.0,93.0,58.4,3,103.0,99.0,31.3,97.0,90.0,96.0,119.0,63.1,27.1,107.0,110.0,20.3,64.8,91.0,86.0,3,26238,"vic",23.7,28.4,110.0,105.0,104.0,104.0,71.2,15291,12.2,3,45.5
3,13.7,34.2,57.5,69.0,14.3,36.1,39.1,56.0,1895,5.2,5.5,104.0,118.0,128.0,1,2401,204.0,1,1,50.0,1509,456,1,48.9,60.2,35.3,27630,152.0,75.7,25.9,4.5,132.0,105.0,18.9,86.7,3,8.0,3827,323,866,10.5,3,827,178.0,67.1,97.0,96.0,26.2,92.0,37.5,116.0,101.0,118.0,3,186.0,110.0,38.0,18.9,799,992,137.0,3,38.0,64.6,22.2,7.5,64.7,32.3,3,29.6,109.0,57.0,3,1821,103.0,96.0,96.0,131.0,122.0,127.0,69.7,115.0,2003,"Yarriambiack (S)",3997,113.0,41.0,41.0,3,46.0,36.6,1,99.0,193.0,119.0,498,33.0,149.0,27.8,38.2,41.0,1773,29.8,3,44.9,30.9,128.0,86.8,3,88.0,112.0,28.5,92.0,107.0,83.0,162.0,76.9,33.0,99.0,110.0,24.0,79.2,113.0,32.0,1,1091,"vic",24.3,31.0,131.0,108.0,80.0,100.0,73.3,898,9.4,3,34.6
null,null,null,null,null,null,null,null,null,null,null,null,null,null,null,null,null,null,null,null,null,null,null,null,null,null,null,29399,null,null,null,null,null,null,null,null,null,null,null,null,null,null,null,null,null,null,null,null,null,null,null,null,null,null,null,null,null,null,null,null,null,null,null,null,null,null,null,null,null,null,null,null,null,null,null,null,null,null,null,null,null,null,null,null,"Unincorporated Vic",null,null,null,null,null,null,null,null,null,null,null,null,null,null,null,null,null,null,null,null,null,null,null,null,null,null,null,null,null,null,null,null,null,null,null,null,null,null,null,null,null,null,"vic",null,null,null,null,null,null,null,null,null,null,null
