{"organisation":"TUA_PHIDU","name":"lga11_accesstoservices_financialandtransportbarriers","title":"LGA11 Access to Services, Financial and Transport Barriers","legal":{"copyrightYear":"2014","attributionYear":"2014","attribution":"{datasource.organisationTitle}, ({dataset.attributionYear}): {dataset.title}; accessed from AURIN Portal on {dateOfAccess}.","clickthrough":false,"licenceType":"Creative Commons Attribution-NonCommercial-ShareAlike 3.0 Australia (CC BY-NC-SA 3.0 AU)","copyrightNotice":"&copy; {datasource.organisationTitle} {dataset.copyrightYear}"},"referenceSystemIdentifier":"EPSG:4283","geoLevel":"lga2011","key":"area_code","keyRegex":null,"availability":"true","geomField":"wkb_geometry","keyword":"finance, transport, medical, medicine, prescription, internet, services","theme":null,"temporalExtent":{"beginDate":"2010-08-01T00:00:00","endDate":"2010-11-30T00:00:00","selectTime":false},"type":"dataset","_id":"dataset-TUA_PHIDU-lga11_accesstoservices_financialandtransportbarriers-lga2011","bbox":null,"abstract":"Modelled estimates of access to services, financial and transport barriers. These barriers include: delaying medical consultation or prescribed medication because they could not afford it, difficulty or can not get to places needed with transport, difficulty accessing services, and accessing the internet at home. Information by LGA 2011 for the year 2010.","selectedAttributes":[{"name":"area_code","type":"java.lang.Integer","title":"Local Government Area Code","description":"Local Government Area code (2011)","stype":"nominal","isDimension":false},{"name":"area_name","type":"java.lang.String","title":"Local Government Area Name","description":"Local Government Area name (2011)","stype":"nominal","isDimension":false},{"name":"ats_del_c_syn_5_rrm_8_10_11_10","type":"java.lang.Double","title":"Delayed Medical Consultation - RRMSE","description":"The relative root mean square error (RRMSE) is the measure of the reliability of an estimate. A value of 1 means the estimate should be used with caution, a value of 2 means the estimate is considered too unreliable for general use, and a value of 3 means the estimate is reliable. Source: Compiled by PHIDU using predictions from the 2010 General Social Survey, ABS (unpublished).","stype":"nominal","isDimension":false},{"name":"ats_del_p_syn_1_no_8_10_11_10","type":"java.lang.Double","title":"Delayed Purchasing of Prescribed Medication - Count","description":"Delayed purchasing prescribed medication because they could not afford it - count. Source: Compiled by PHIDU based on modelled estimates from the 2010 General Social Survey, ABS (unpublished).","stype":"ratio","isDimension":false},{"name":"ats_dift_syn_1_no_8_10_11_10","type":"java.lang.Double","title":"Difficulty with Transport - Count","description":"Difficulty or can't get to places needed with transport - count. Source: Compiled by PHIDU based on modelled estimates from the 2010 General Social Survey, ABS (unpublished).","stype":"ratio","isDimension":false},{"name":"ats_del_p_syn_2_rate_8_10_11_10","type":"java.lang.Double","title":"Delayed Purchasing of Prescribed Medication - Rate per 100 Population","description":"Delayed purchasing prescribed medication because they could not afford it - indirectly age-standardised rate per 100 population. Source: Compiled by PHIDU based on modelled estimates from the 2010 General Social Survey, ABS (unpublished), and ABS Estimated Resident Population, 30 June 2010.","stype":"ratio","isDimension":false},{"name":"ats_del_p_syn_4_uci_8_10_11_10","type":"java.lang.Double","title":"Delayed Purchasing of Prescribed Medication - Rate per 100 Population - Upper 95 Percent C.I.","description":"Delayed purchasing prescribed medication because they could not afford it - indirectly age-standardised rate per 100 population - upper 95% Confidence Interval. Source: Compiled by PHIDU based on modelled estimates from the 2010 General Social Survey, ABS (unpublished), and ABS Estimated Resident Population, 30 June 2010.","stype":"ratio","isDimension":false},{"name":"ats_del_p_syn_5_rrm_8_10_11_10","type":"java.lang.Double","title":"Delayed Purchasing of Prescribed Medication - RRMSE","description":"The relative root mean square error (RRMSE) is the measure of the reliability of an estimate. A value of 1 means the estimate should be used with caution, a value of 2 means the estimate is considered too unreliable for general use, and a value of 3 means the estimate is reliable. Source: Compiled by PHIDU using predictions from the 2010 General Social Survey, ABS (unpublished).","stype":"nominal","isDimension":false},{"name":"ats_difs_syn_1_no_8_10_11_10","type":"java.lang.Double","title":"Difficulty Accessing Services - Count","description":"Difficulty accessing services - count. Source: Compiled by PHIDU based on modelled estimates from the 2010 General Social Survey, ABS (unpublished).","stype":"ratio","isDimension":false},{"name":"ats_difs_syn_2_rate_8_10_11_10","type":"java.lang.Double","title":"Difficulty Accessing Services - Rate per 100 Population","description":"Difficulty accessing services - indirectly age-standardised rate per 100 population. Source: Compiled by PHIDU based on modelled estimates from the 2010 General Social Survey, ABS (unpublished), and ABS Estimated Resident Population, 30 June 2010.","stype":"ratio","isDimension":false},{"name":"ats_difs_syn_3_lci_8_10_11_10","type":"java.lang.Double","title":"Difficulty Accessing Services - Rate per 100 Population - Lower 95 Percent C.I.","description":"Difficulty accessing services - indirectly age-standardised rate per 100 population - lower 95% Confidence Interval. Source: Compiled by PHIDU based on modelled estimates from the 2010 General Social Survey, ABS (unpublished), and ABS Estimated Resident Population, 30 June 2010.","stype":"ratio","isDimension":false},{"name":"ats_difs_syn_4_uci_8_10_11_10","type":"java.lang.Double","title":"Difficulty Accessing Services - Rate per 100 Population - Upper 95 Percent C.I.","description":"Difficulty accessing services - indirectly age-standardised rate per 100 population - upper 95% Confidence Interval. Source: Compiled by PHIDU based on modelled estimates from the 2010 General Social Survey, ABS (unpublished), and ABS Estimated Resident Population, 30 June 2010.","stype":"ratio","isDimension":false},{"name":"ats_int_syn_3_lci_8_10_11_10","type":"java.lang.Double","title":"Accessed the Internet at Home - Rate per 100 Population - Lower 95 Percent C.I.","description":"Accessed the Internet at home in the past 12 months - indirectly age-standardised rate per 100 population - lower 95% Confidence Interval. Source: Compiled by PHIDU based on modelled estimates from the 2010 General Social Survey, ABS (unpublished), and ABS Estimated Resident Population, 30 June 2010.","stype":"ratio","isDimension":false},{"name":"ats_difs_syn_5_rrm_8_10_11_10","type":"java.lang.Double","title":"Difficulty Accessing Services - RRMSE","description":"The relative root mean square error (RRMSE) is the measure of the reliability of an estimate. A value of 1 means the estimate should be used with caution, a value of 2 means the estimate is considered too unreliable for general use, and a value of 3 means the estimate is reliable. Source: Compiled by PHIDU using predictions from the 2010 General Social Survey, ABS (unpublished).","stype":"nominal","isDimension":false},{"name":"ats_dift_syn_2_rate_8_10_11_10","type":"java.lang.Double","title":"Difficulty with Transport - Rate per 100 Population","description":"Difficulty or can't get to places needed with transport - indirectly age-standardised rate per 100 population. Source: Compiled by PHIDU based on modelled estimates from the 2010 General Social Survey, ABS (unpublished), and ABS Estimated Resident Population, 30 June 2010.","stype":"ratio","isDimension":false},{"name":"ats_dift_syn_3_lci_8_10_11_10","type":"java.lang.Double","title":"Difficulty with Transport - Rate per 100 Population - Lower 95 Percent C.I.","description":"Difficulty or can't get to places needed with transport - indirectly age-standardised rate per 100 population - lower 95% Confidence Interval. Source: Compiled by PHIDU based on modelled estimates from the 2010 General Social Survey, ABS (unpublished), and ABS Estimated Resident Population, 30 June 2010.","stype":"ratio","isDimension":false},{"name":"ats_dift_syn_4_uci_8_10_11_10","type":"java.lang.Double","title":"Difficulty with Transport - Rate per 100 Population - Upper 95 Percent C.I.","description":"Difficulty or can't get to places needed with transport - indirectly age-standardised rate per 100 population - upper 95% Confidence Interval. Source: Compiled by PHIDU based on modelled estimates from the 2010 General Social Survey, ABS (unpublished), and ABS Estimated Resident Population, 30 June 2010.","stype":"ratio","isDimension":false},{"name":"ats_dift_syn_5_rrm_8_10_11_10","type":"java.lang.Double","title":"Difficulty with Transport - RRMSE","description":"The relative root mean square error (RRMSE) is the measure of the reliability of an estimate. A value of 1 means the estimate should be used with caution, a value of 2 means the estimate is considered too unreliable for general use, and a value of 3 means the estimate is reliable. Source: Compiled by PHIDU using predictions from the 2010 General Social Survey, ABS (unpublished).","stype":"nominal","isDimension":false},{"name":"ats_int_syn_1_no_8_10_11_10","type":"java.lang.Double","title":"Accessed the Internet at Home - Count","description":"Accessed the Internet at home in the past 12 months - count. Source: Compiled by PHIDU based on modelled estimates from the 2010 General Social Survey, ABS (unpublished).","stype":"ratio","isDimension":false},{"name":"ats_int_syn_2_rate_8_10_11_10","type":"java.lang.Double","title":"Accessed the Internet at Home - Indirectly Age-Standardised Rate per 100 Population","description":"Accessed the Internet at home in the past 12 months - indirectly age-standardised rate per 100 population. Source: Compiled by PHIDU based on modelled estimates from the 2010 General Social Survey, ABS (unpublished), and ABS Estimated Resident Population, 30 June 2010.","stype":"ratio","isDimension":false},{"name":"ats_int_syn_4_uci_8_10_11_10","type":"java.lang.Double","title":"Accessed the Internet at Home - Rate per 100 Population - Upper 95 Percent C.I.","description":"Accessed the Internet at home in the past 12 months - indirectly age-standardised rate per 100 population - upper 95% Confidence Interval. Source: Compiled by PHIDU based on modelled estimates from the 2010 General Social Survey, ABS (unpublished), and ABS Estimated Resident Population, 30 June 2010.","stype":"ratio","isDimension":false},{"name":"ats_del_p_syn_3_lci_8_10_11_10","type":"java.lang.Double","title":"Delayed Purchasing of Prescribed Medication - Rate per 100 Population - Lower 95 Percent C.I.","description":"Delayed purchasing prescribed medication because they could not afford it - indirectly age-standardised rate per 100 population - lower 95% Confidence Interval. Source: Compiled by PHIDU based on modelled estimates from the 2010 General Social Survey, ABS (unpublished), and ABS Estimated Resident Population, 30 June 2010.","stype":"ratio","isDimension":false},{"name":"ats_int_syn_5_sig_8_10_11_10","type":"java.lang.Double","title":"Accessed the Internet at Home - RRMSE","description":"The relative root mean square error (RRMSE) is the measure of the reliability of an estimate. A value of 1 means the estimate should be used with caution, a value of 2 means the estimate is considered too unreliable for general use, and a value of 3 means the estimate is reliable. Source: Compiled by PHIDU using predictions from the 2010-11 General Social Survey, ABS (unpublished).","stype":"nominal","isDimension":false},{"name":"ats_del_c_syn_1_no_8_10_11_10","type":"java.lang.Double","title":"Delayed Medical Consultation - Count","description":"Delayed medical consultation because they could not afford it - count. Source: Compiled by PHIDU based on modelled estimates from the 2010 General Social Survey, ABS (unpublished).","stype":"ratio","isDimension":false},{"name":"ats_del_c_syn_2_rate_8_10_11_10","type":"java.lang.Double","title":"Delayed Medical Consultation - Rate per 100 Population","description":"Delayed medical consultation because they could not afford it - indirectly age-standardised rate per 100 population. Source: Compiled by PHIDU based on modelled estimates from the 2010 General Social Survey, ABS (unpublished), and ABS Estimated Resident Population, 30 June 2010","stype":"ratio","isDimension":false},{"name":"ats_del_c_syn_3_lci_8_10_11_10","type":"java.lang.Double","title":"Delayed Medical Consultation - Rate per 100 Population - Lower 95 Percent C.I.","description":"Delayed medical consultation because they could not afford it - indirectly age-standardised rate per 100 population - lower 95% Confidence Interval. Source: Compiled by PHIDU based on modelled estimates from the 2010 General Social Survey, ABS (unpublished), and ABS Estimated Resident Population, 30 June 2010.","stype":"ratio","isDimension":false},{"name":"ats_del_c_syn_4_uci_8_10_11_10","type":"java.lang.Double","title":"Delayed Medical Consultation - Rate per 100 Population - Upper 95 Percent C.I.","description":"Delayed medical consultation because they could not afford it - indirectly age-standardised rate per 100 population - upper 95% Confidence Interval. Source: Compiled by PHIDU based on modelled estimates from the 2010 General Social Survey, ABS (unpublished), and ABS Estimated Resident Population, 30 June 2010.","stype":"ratio","isDimension":false}],"filter":{"filterType":"tabular","feature":{"key":"area_code","geoLevel":"lga2011","geoField":"ignored","year":"2006","featureBbox":[140.961681984,-39.159189527500004,149.976679008,-33.9806475865],"featureType":"ste","featureInstance":"2","featureName":"Victoria","referenceSystemIdentifier":"EPSG:4283","prefix":"","keyTransform":null},"states":["2"]}}