{"organisation":"AU_Govt_ABS","name":"lga_estimating_homelessness_2016","title":"LGA Estimating Homelessness 2016","legal":{"copyrightYear":"2018","attributionYear":"2018","attribution":"{datasource.organisationTitle}, ({dataset.attributionYear}): {dataset.title}; accessed from AURIN Portal on {dateOfAccess}.","clickthrough":false,"licenceType":"Creative Commons Attribution 2.5 Australia (CC BY 2.5 AU)","copyrightNotice":"&copy; {datasource.organisationTitle} {dataset.copyrightYear}"},"referenceSystemIdentifier":"urn:x-ogc:def:crs:EPSG:4283","geoLevel":"lga2016","key":"lga_code16","keyRegex":null,"availability":"true","geomField":"wkb_geometry","keyword":"australia,homelessness,housing,2016,polygon,enumeration,poverty,aus,population","theme":null,"temporalExtent":{"beginDate":"2016-08-09T00:00:00","endDate":"2016-08-11T00:00:00","selectTime":false},"type":"dataset","_id":"dataset-AU_Govt_ABS-lga_estimating_homelessness_2016-lga2016","bbox":null,"abstract":"This dataset contains estimates of the prevalence of homelessness on Census night 2016, derived from the Census of Population and Housing using the Australian Bureau of Statistics (ABS) definition of homelessness. Prevalence is an estimate of how many people experienced homelessness at a particular point-in-time. <br/>\nData is by LGA 2016 boundaries. Periodicity: 5 yearly. <br/>\nFor more information visit the <a href='http://www.abs.gov.au/AUSSTATS/abs@.nsf/Lookup/2049.0Explanatory%20Notes12016?OpenDocument' 'target='_blank' >Australian Bureau of Statistics<a/>.","selectedAttributes":[{"name":"lga_code16","type":"java.lang.String","title":"LGA code 2016","description":"LGA code 2016.","stype":"nominal","isDimension":false},{"name":"hl_p_homeless_tot","type":"java.lang.Integer","title":"Homeless Operational Group-All homeless persons","description":"Homeless Operational Group-All homeless persons.","stype":"ratio","isDimension":false},{"name":"lga_name_2016","type":"java.lang.String","title":"LGA name 2016","description":"LGA name 2016.","stype":"nominal","isDimension":false}],"filter":{"filterType":"tabular","feature":{"key":"lga_code16","geoLevel":"lga2016","geoField":"ignored","year":"2006","featureBbox":[140.961681984,-39.159189527500004,149.976679008,-33.9806475865],"featureType":"ste","featureInstance":"2","featureName":"Victoria","referenceSystemIdentifier":"urn:x-ogc:def:crs:EPSG:4283","prefix":"","keyTransform":null},"states":["2"]}}