{"organisation":"TUA_PHIDU","name":"tua_phidu_2015_lga_aust_risk_factors_adults_2014_15","title":"LGA15 Adults Health Risk Factor Estimates - 2014-2015","legal":{"copyrightYear":"2017","attributionYear":"2017","attribution":"{datasource.organisationTitle}, ({dataset.attributionYear}): {dataset.title}; accessed from AURIN Portal on {dateOfAccess}.","clickthrough":false,"licenceType":"Creative Commons Attribution-NonCommercial-ShareAlike 3.0 Australia (CC BY-NC-SA 3.0 AU)","copyrightNotice":"&copy; {datasource.organisationTitle} {dataset.copyrightYear}"},"referenceSystemIdentifier":"urn:x-ogc:def:crs:EPSG:4283","geoLevel":"lga2011","key":"lga_code","keyRegex":null,"availability":"true","geomField":"wkb_geometry","keyword":"adult,tua,smoking,torrens university australia,phidu,weight,public health information development unit,health risk factors adults,blood pressure,health risks,alcohol,psychological distress,excercise,fruit intake","theme":null,"temporalExtent":{"beginDate":"2014-01-01T00:00:00","endDate":"2015-12-31T00:00:00","selectTime":false},"type":"dataset","_id":"dataset-TUA_PHIDU-tua_phidu_2015_lga_aust_risk_factors_adults_2014_15-lga2011","bbox":null,"abstract":"Estimated number of males/females/people aged 18 years and over whose health was at risk in one of the following categories: psychologically distressed, blood pressure, overweight, obesity, waist measurement, smoking, alcohol consumption, fruit consumption and no or low exercise, 2014-15 (all entries that were classified as not shown, not published or not applicable were assigned a null value; no data was provided for Maralinga Tjarutja LGA, in South Australia). The data is by LGA 2015 profile (based on the LGA 2011 geographic boundaries). For more information on statistics used please refer to the PHIDU website, available from: <a href=http://phidu.torrens.edu.au/help-and-information/about-our-data/statistical-information>http://phidu.torrens.edu.au/</a>.<br/>\n\nSource: Estimates for Population Health Areas (PHAs) are modelled estimates and were produced by the ABS; estimates at the LGA and PHN level were derived from the PHA estimates.\n","selectedAttributes":[{"name":"lga_code","type":"java.lang.Integer","title":"Local Government Area Code","description":"Local Government Area Code (2011).","stype":"interval","isDimension":false},{"name":"wst_meas_p_2_asr","type":"java.lang.Double","title":"Estimated number of people with a high risk waist measurement ? ASR per 100 population","description":"The estimated number of people aged 18 years and over with a waist measurement of 94cm or more for men or 80cm or more for women, which indicates increased risk of developing chronic disease, 2014-15 ? Indirectly age-standardised rate per 100 population (Indirectly age-standardised refers to adjustments made through comparisons against the relevant standard Australian population). ","stype":"ratio","isDimension":false},{"name":"obese_p_2_asr","type":"java.lang.Double","title":"Estimated number of obese people ? ASR per 100 population","description":"The estimated number of people aged 18 years and over who were obese based on their Body Mass Index BMI (30 or greater), 2014-15 ? Indirectly age-standardised rate per 100 population (Indirectly age-standardised refers to adjustments made through comparisons against the relevant standard Australian population). ","stype":"ratio","isDimension":false}],"filter":{"filterType":"tabular","feature":{"key":"lga_code","geoLevel":"lga2011","geoField":"ignored","year":"2006","featureBbox":[140.961681984,-39.159189527500004,149.976679008,-33.9806475865],"featureType":"ste","featureInstance":"2","featureName":"Victoria","referenceSystemIdentifier":"urn:x-ogc:def:crs:EPSG:4283","prefix":"","keyTransform":null},"states":["2"]}}