p_75_84_yr_voluntary_work_ns, f_85ov_not_a_volunteer, p_85ov_not_a_volunteer, p_55_64_yr_voluntary_work_ns, m_15_19_yr_tot, m_35_44_yr_voluntary_work_ns, f_20_24_yr_not_a_volunteer, p_15_19_yr_tot, p_75_84_yr_volunteer, p_25_34_yr_voluntary_work_ns, f_75_84_yr_tot, m_20_24_yr_not_a_volunteer, m_20_24_yr_voluntary_work_ns, m_75_84_yr_volunteer, f_25_34_yr_not_a_volunteer, m_85ov_tot, p_tot_volunteer, m_15_19_yr_not_a_volunteer, f_45_54_yr_not_a_volunteer, f_85_ov_voluntary_work_ns, m_25_34_yr_not_a_volunteer, m_15_19_yr_voluntary_work_ns, p_65_74_yr_tot, m_45_54_yr_not_a_volunteer, m_85ov_volunteer, f_65_74_yr_tot, m_45_54_yr_tot, m_15_19_yr_volunteer, f_20_24_yr_volunteer, f_15_19_yr_voluntary_work_ns, p_tot_voluntary_work_ns, f_tot_tot, m_35_44_yr_tot, m_55_64_yr_volunteer, f_85ov_tot, m_85_ov_voluntary_work_ns, m_75_84_yr_voluntary_work_ns, lga_code_2016, f_35_44_yr_voluntary_work_ns, f_15_19_yr_not_a_volunteer, p_55_64_yr_not_a_volunteer, p_tot_tot, p_85_ov_voluntary_work_ns, f_55_64_yr_not_a_volunteer, f_15_19_yr_tot, p_85ov_tot, m_35_44_yr_not_a_volunteer, p_45_54_yr_volunteer, p_20_24_yr_not_a_volunteer, p_35_44_yr_voluntary_work_ns, m_tot_voluntary_work_ns, p_25_34_yr_tot, f_65_74_yr_volunteer, f_65_74_yr_not_a_volunteer, m_65_74_yr_volunteer, p_25_34_yr_not_a_volunteer, p_45_54_yr_voluntary_work_ns, m_75_84_yr_not_a_volunteer, m_35_44_yr_volunteer, m_55_64_yr_not_a_volunteer, f_tot_voluntary_work_ns, p_55_64_yr_tot, f_25_34_yr_volunteer, p_75_84_yr_not_a_volunteer, m_25_34_yr_tot, f_tot_volunteer, m_65_74_yr_not_a_volunteer, f_55_64_yr_volunteer, p_15_19_yr_voluntary_work_ns, f_45_54_yr_volunteer, f_55_64_yr_tot, f_20_24_yr_voluntary_work_ns, m_45_54_yr_volunteer, p_45_54_yr_tot, p_15_19_yr_volunteer, f_85ov_volunteer, p_85ov_volunteer, m_tot_tot, f_35_44_yr_tot, p_35_44_yr_volunteer, f_45_54_yr_voluntary_work_ns, m_25_34_yr_volunteer, p_55_64_yr_volunteer, f_tot_not_a_volunteer, f_55_64_yr_voluntary_work_ns, p_35_44_yr_not_a_volunteer, p_75_84_yr_tot, f_15_19_yr_volunteer, p_tot_not_a_volunteer, f_75_84_yr_voluntary_work_ns, p_35_44_yr_tot, m_45_54_yr_voluntary_work_ns, m_75_84_yr_tot, p_65_74_yr_not_a_volunteer, lga_name_2016, p_20_24_yr_volunteer, f_35_44_yr_not_a_volunteer, f_20_24_yr_tot, f_75_84_yr_volunteer, m_55_64_yr_voluntary_work_ns, m_tot_volunteer, f_35_44_yr_volunteer, p_20_24_yr_voluntary_work_ns, p_25_34_yr_volunteer, f_45_54_yr_tot, p_45_54_yr_not_a_volunteer, f_75_84_yr_not_a_volunteer, m_20_24_yr_volunteer, m_85ov_not_a_volunteer, p_20_24_yr_tot, m_65_74_yr_voluntary_work_ns, p_65_74_yr_volunteer, f_65_74_yr_voluntary_work_ns, p_65_74_yr_voluntary_work_ns, m_65_74_yr_tot, m_tot_not_a_volunteer, m_20_24_yr_tot, m_55_64_yr_tot, f_25_34_yr_tot, f_25_34_yr_voluntary_work_ns, p_15_19_yr_not_a_volunteer, m_25_34_yr_voluntary_work_ns
120,153,259,184,330,61,130,665,253,84,479,169,24,125,327,153,3166,210,518,47,315,36,1718,522,14,861,894,82,43,43,1047,5307,632,330,237,33,56,"20110",62,198,1296,10384,84,646,334,383,378,603,299,121,526,935,309,463,312,647,175,258,195,654,522,2142,116,543,454,1689,461,335,79,325,1068,17,277,1815,176,33,49,5074,743,506,75,96,666,3096,91,752,915,92,6164,62,1376,95,437,924,"Alpine (S)",90,369,193,126,92,1479,313,39,211,926,1043,284,46,103,427,88,618,84,176,860,3071,235,1081,480,39,408,46
159,152,249,214,315,252,169,606,187,264,413,184,52,94,347,127,2611,211,453,45,384,34,1476,432,14,712,860,73,46,38,1563,4572,765,270,225,17,87,"20260",52,180,1045,9798,66,523,291,359,352,505,352,304,1123,1235,256,383,220,734,222,248,158,523,444,1784,128,492,714,1363,425,255,64,261,828,19,243,1608,144,26,43,5232,594,383,44,115,523,2770,52,671,840,75,5628,79,1360,184,422,807,"Ararat (RC)",111,316,231,97,162,1247,224,70,241,752,888,243,68,95,533,124,479,67,189,768,2860,303,953,521,46,392,218
769,1256,1856,815,3362,398,2662,6603,1057,876,3097,2787,276,487,5001,806,18110,2396,4558,227,4961,282,9723,4194,69,5186,6084,683,867,277,6435,43329,5910,1216,1601,141,301,"20570",367,2125,8549,82219,367,4484,3237,2409,4274,3289,5450,761,3062,13120,1387,3346,1112,9965,844,1567,1241,4063,3377,12080,1246,3625,6429,10111,2986,1502,559,1805,6419,278,1488,12884,1525,116,187,38889,6502,3022,437,1034,2713,29847,432,8627,5449,843,57670,468,12416,411,2356,6334,"Ballarat (C)",1539,4353,3802,572,380,8004,1786,553,2282,6797,8751,2059,676,602,7544,432,2492,460,892,4536,27828,3737,5659,6686,435,4518,441
711,1569,2478,703,3518,424,2563,6834,1117,870,3627,3012,205,503,6364,1188,20416,2632,5840,363,6399,228,11511,5610,97,6058,7782,670,840,196,6012,51928,8488,1331,2066,178,281,"20660",367,2285,10889,99850,544,5729,3308,3253,6428,3952,5575,794,2886,16248,1404,4227,1146,12762,822,2056,1630,5161,3125,14542,1472,4644,7975,11552,3963,1614,423,2211,7691,175,1743,16224,1490,131,232,47926,8887,4065,391,1138,2948,37248,347,12511,6470,827,73422,424,17375,435,2839,8191,"Banyule (C)",1453,6089,3582,617,354,8868,2432,379,2610,8436,11447,2584,609,911,7410,349,2547,428,773,5455,36177,3825,6847,8269,439,4914,434
447,485,788,394,827,105,422,1587,588,226,1379,441,41,267,1086,446,6428,583,1421,143,1084,120,5304,1389,49,2741,2061,118,94,78,2691,14301,1553,559,695,90,200,"20740",132,520,3537,27459,236,1818,761,1143,1089,1064,859,229,1336,2882,833,1653,670,2172,363,814,364,1716,1354,5190,292,1631,1394,3653,1636,697,198,589,2707,42,476,4233,285,67,117,13158,1790,953,165,187,1257,9298,191,2153,2667,164,18347,242,3337,194,1285,3289,"Bass Coast (S)",177,1069,561,322,201,2775,590,85,484,2174,2811,817,82,305,1127,256,1504,248,505,2565,9050,560,2480,1490,113,1104,122
419,496,771,551,1551,179,913,3003,673,337,1507,966,106,319,1991,403,9444,1087,2196,149,1935,156,5728,2101,33,2934,3090,311,231,138,3484,20347,2561,721,706,91,196,"20830",208,1005,4465,39188,244,2236,1451,1112,1730,1711,1879,394,1677,5269,888,1760,708,3931,487,909,650,2232,1804,6718,587,1828,2528,5340,1817,979,296,965,3506,103,748,6486,618,61,96,18841,2867,1607,238,416,1704,13211,291,3430,2925,307,26268,229,5432,251,1422,3570,"Baw Baw (S)",431,1696,1245,354,259,4105,961,202,1006,3390,4293,920,199,277,2510,272,1598,284,555,2797,13057,1263,3211,2743,162,2094,181
494,1855,2824,716,3212,340,1642,6178,1145,528,2968,1885,138,510,3252,1228,18799,2322,5304,343,2986,182,9718,4951,122,5141,7489,718,603,173,5007,41741,5693,1423,2393,142,218,"20910",341,1979,8905,78669,483,4631,2964,3624,4082,4732,3526,684,2362,7980,1362,3455,1111,6235,868,1651,1275,4277,2642,12636,722,3698,3745,10528,3179,1597,354,2624,6581,127,2111,15855,1531,197,317,36928,6721,3248,438,491,3016,28566,357,8484,5344,816,54860,278,12418,436,2377,6635,"Bayside (C)",1126,4406,2381,636,361,8271,1977,270,1212,8364,10250,2051,520,972,4919,278,2469,328,606,4573,26292,2538,6058,4232,264,4299,269
138,242,388,187,404,51,210,777,284,97,572,256,32,135,435,207,3092,275,617,43,401,61,1991,528,32,1005,838,66,61,58,1172,6113,617,318,323,31,68,"21010",60,220,1408,11686,72,734,378,528,409,555,469,113,574,1209,313,587,284,835,167,324,157,679,597,2259,157,673,572,1705,588,348,114,319,1180,33,230,1865,166,34,65,5579,693,380,82,116,666,3808,98,823,1101,100,7420,75,1316,80,531,1175,"Benalla (RC)",110,416,303,148,93,1390,216,65,274,1027,1140,353,54,143,645,110,601,106,215,984,3614,339,1083,636,46,495,57
698,2583,3822,928,5968,522,4362,11910,1861,1373,4526,4925,358,810,8445,1627,35999,3985,8000,343,8538,296,13951,7272,225,7468,11276,1683,1844,285,7825,73046,9568,2403,3208,161,301,"21110",537,3722,12930,138430,508,6762,5940,4829,6789,7676,9283,1059,3778,22544,2093,4910,1837,16986,1148,2396,2253,6173,4049,18983,2311,5469,11111,19993,4280,2716,588,4288,9949,329,3395,24102,3618,276,502,65383,11168,5742,537,1867,5125,49008,475,13937,8031,1930,94607,404,20736,610,3508,9186,"Boroondara (C)",3375,7151,6532,1052,455,16005,3485,684,4182,12823,15276,3072,1529,1240,13346,363,3928,472,832,6483,45603,6813,9034,11426,667,7710,707
1000,1512,2354,1572,6251,926,5309,12254,479,2439,4242,6633,644,231,12424,1053,17350,4946,10110,310,13367,578,15576,10014,35,7892,12260,726,1167,533,12849,79538,13079,988,1866,183,471,"21180",905,4552,18442,158457,494,9535,6003,2926,10678,3028,11942,1827,6558,31313,758,6341,623,25793,1732,2924,1483,8912,6293,22171,1688,6390,16128,9637,6337,1167,1111,1669,11497,520,1354,24883,1644,44,82,78919,13237,3458,840,1387,2154,63613,800,21030,7863,918,128258,526,26317,887,3620,12680,"Brimbank (C)",2044,10350,6991,246,771,7715,1981,1167,3077,12624,20125,3469,882,841,15155,727,1385,788,1514,7684,64649,8158,10670,15182,1073,9497,1370
103,131,209,125,181,14,49,345,165,51,308,64,7,71,113,136,2102,79,165,49,115,17,827,183,18,395,429,81,24,15,643,2588,257,243,201,37,46,"21270",15,66,460,5206,86,223,159,336,124,434,111,33,331,469,163,183,151,229,80,157,123,238,306,1034,98,312,230,1070,218,209,34,226,487,10,207,859,163,28,43,2619,289,278,38,93,448,1206,53,239,580,85,2462,57,549,41,281,394,"Buloke (S)",71,118,84,92,69,1033,152,17,191,433,353,161,44,81,195,64,319,46,114,433,1251,119,547,234,27,145,26
492,513,796,447,1248,166,625,2334,668,261,1432,686,64,300,1270,437,7527,833,1622,144,1256,166,4554,1616,49,2251,2452,247,145,147,3147,15512,1886,605,727,111,231,"21370",157,681,3597,30424,256,1754,1091,1164,1248,1436,1311,330,1555,3520,715,1263,594,2522,384,777,469,1844,1592,5357,439,1588,1663,4153,1443,710,308,798,2681,59,635,5053,509,65,114,14913,2044,1118,187,298,1314,9765,217,2481,2744,262,19750,262,3936,204,1316,2713,"Campaspe (S)",317,1233,832,364,228,3381,651,131,735,2601,3232,805,171,279,1758,266,1312,265,533,2311,9980,924,2673,1851,150,1510,111
411,564,905,677,3219,397,2343,6230,510,767,1595,2336,196,235,5769,453,13148,2408,4529,116,5367,317,6898,4506,38,3579,6092,494,499,276,5205,37205,6455,799,730,71,196,"21450",391,2155,7161,72402,184,3550,3007,1185,4861,2636,4674,791,2590,13705,745,2541,641,11134,805,1101,1198,3606,2616,9638,1080,2205,6463,7455,2395,1005,596,1454,4886,188,1176,12479,1077,53,91,35199,6742,2959,401,730,1802,27135,334,9450,3127,579,54056,218,13196,409,1530,4931,"Cardinia (S)",874,4588,3036,272,344,5689,1761,388,1803,6388,9039,1102,375,342,5937,284,1385,300,580,3317,26924,2909,4750,7240,395,4563,375
1093,1786,2798,1801,10878,1284,7713,20950,977,2677,4845,8811,697,449,18808,1270,32298,8789,15604,309,17919,775,18295,15664,69,9435,19727,1312,1652,694,14958,117254,22414,1886,2179,196,503,"21610",1095,7746,24286,231449,505,12255,10073,3450,17896,6269,16525,2379,7548,44427,1403,7216,1153,36722,2205,3155,3236,12029,7405,30094,2890,6880,21424,17910,6989,2119,1473,3316,15281,596,2948,39747,2948,77,153,114195,22450,7511,1096,2132,4002,91943,909,34974,8947,1639,184197,590,44870,1112,4102,14206,"Casey (C)",2855,17075,9966,525,894,14395,4273,1291,5025,20023,31269,3728,1206,1009,20672,713,2555,811,1528,8859,92253,10708,14812,23011,1307,16526,1369
192,220,324,156,369,48,231,693,201,68,610,249,20,84,387,157,2482,245,578,49,339,42,2046,581,25,1037,851,80,43,36,1086,5614,607,241,288,32,91,"21670",42,221,1367,10982,85,678,320,448,433,429,481,84,537,1001,288,615,217,723,141,389,128,690,548,2038,123,784,464,1367,686,269,76,239,1022,18,189,1725,148,17,37,5369,620,335,61,86,514,3698,81,808,1173,66,7413,106,1229,79,568,1301,"Central Goldfields (S)",95,372,294,114,76,1116,203,42,209,876,1154,388,59,99,619,103,505,130,232,1008,3714,330,1017,543,28,465,36
224,274,428,251,621,79,368,1191,343,165,760,416,53,147,732,208,4443,424,873,65,828,74,2567,883,17,1293,1383,122,104,70,1621,8743,1154,403,371,41,98,"21750",71,382,2077,17277,105,1064,575,585,762,862,787,158,839,2202,408,756,357,1560,210,392,310,1011,783,3144,264,836,1142,2394,780,417,146,475,1599,43,385,2823,245,39,56,8536,1113,683,96,214,816,5566,122,1431,1402,125,11212,127,2272,112,636,1533,"Colac-Otway (S)",205,666,516,193,131,2053,375,92,474,1443,1753,443,103,152,1081,138,763,135,272,1273,5649,573,1545,1067,65,801,99
195,205,319,208,559,67,234,1027,310,104,650,282,25,137,434,175,4027,336,612,49,476,77,1985,686,20,964,1175,145,80,45,1338,6579,808,387,289,39,88,"21830",60,256,1430,13125,87,737,466,468,466,802,517,129,700,1367,343,513,303,909,203,319,270,699,641,2391,198,681,678,2158,604,367,125,424,1199,29,379,2303,304,40,60,6548,850,634,88,149,748,3782,96,886,1191,163,7758,109,1655,111,542,1118,"Corangamite (S)",172,425,343,179,110,1868,366,53,351,1129,1303,361,86,121,743,118,645,108,225,1020,3979,402,1192,680,47,593,58
911,1770,2892,1021,3521,860,4146,6937,544,2266,4371,4129,445,213,10636,1397,20575,2666,6966,492,10955,317,9410,6813,48,5123,9200,533,1322,306,10298,64348,11154,1021,2343,225,395,"21890",771,2330,10361,123281,713,5293,3409,3736,8484,3991,8271,1632,5013,28467,642,4008,519,21584,1348,2771,1806,5063,5286,13592,2761,6292,13985,12011,3342,1194,626,2280,7013,440,1713,19113,1311,88,137,58933,11782,4428,665,1854,2211,47058,528,16871,7744,774,92409,516,22933,681,3381,7352,"Darebin (C)",2189,8385,5909,330,494,8566,2619,884,4608,9915,13781,3525,865,1125,11345,423,1154,473,901,4291,45352,5435,6577,14483,1089,4997,1181
622,520,874,628,1196,198,629,2292,873,358,1929,675,97,415,1367,558,9396,824,1931,231,1330,186,7505,1749,59,3607,2713,184,174,148,4263,19391,2034,907,835,144,255,"22110",193,719,4621,37892,373,2375,1098,1391,1328,1555,1305,386,2101,3817,1123,2103,990,2698,534,1199,510,2242,2160,7207,443,2304,1838,5158,2456,1048,333,864,3747,87,690,5771,417,86,149,18504,2243,1243,260,325,1959,12067,322,2647,3801,230,24232,373,4278,276,1866,4562,"East Gippsland (S)",335,1318,892,455,305,4236,735,182,763,3056,3678,1105,158,357,1822,455,2107,382,833,3902,12168,931,3462,1978,174,1544,182
913,1268,2037,1161,4018,647,3306,8009,856,1284,3460,3395,311,369,7562,1019,16805,3130,7255,329,7328,366,11710,7041,80,6230,9126,518,698,321,8713,56637,9157,1062,1696,175,373,"22170",599,2951,12576,109114,502,6423,3995,2713,7187,3277,6701,1248,4230,18484,1157,4510,899,14893,1259,1989,1324,6151,4487,16105,1336,4421,8950,9650,4104,1313,694,1828,8301,301,1450,18833,1241,96,176,52474,9412,3345,618,967,2369,42508,574,13984,6187,717,83594,536,18569,639,2728,8614,"Frankston (C)",1195,6791,4307,489,588,7159,2019,616,2300,9703,14299,2435,494,766,8512,478,2051,567,1046,5484,41090,4200,7799,9536,636,6079,653
144,165,263,128,323,34,134,620,252,75,513,164,23,110,267,153,2775,177,392,30,284,46,1550,411,25,767,696,101,54,42,858,4481,490,223,223,37,72,"22250",37,160,1016,8870,60,500,298,378,278,531,294,72,435,853,301,385,261,555,85,287,174,518,425,1613,129,592,416,1478,438,239,80,281,806,22,246,1422,199,28,50,4385,511,383,42,95,468,2579,62,543,982,97,5234,75,1000,43,466,831,"Gannawarra (S)",111,267,207,140,69,1298,206,47,223,723,801,305,60,94,446,84,557,78,158,783,2652,247,807,434,39,336,31
559,668,1075,726,2237,405,1317,4328,700,808,1859,1406,170,320,2949,543,10522,1572,2890,186,2888,255,6169,2853,51,3094,4216,406,298,229,5506,26014,3808,833,941,92,262,"22830",322,1370,5453,51131,275,2761,2089,1484,2651,2025,2714,731,2853,7850,793,1893,676,5835,783,1058,755,2693,2657,7911,660,2231,3888,5756,1983,899,486,1096,4027,142,932,8548,891,83,130,25114,3970,1817,351,547,1728,17601,366,5231,3497,488,35103,302,7777,429,1633,3877,"Greater Shepparton (C)",546,2585,1751,387,360,4763,1062,310,1208,4333,5741,1171,246,403,3571,418,1465,406,826,3074,17499,1823,3881,3961,350,2944,460
172,223,328,275,354,65,170,677,239,106,527,199,36,106,396,151,3600,221,701,74,391,67,2265,677,12,1130,1099,60,67,48,1454,6723,808,397,313,30,80,"22910",84,205,1660,12934,103,860,320,469,522,715,370,143,699,1136,369,631,347,781,207,310,221,800,754,2802,149,613,545,1984,664,463,117,385,1458,33,329,2297,125,21,38,6211,916,552,109,103,863,3984,132,1030,1027,65,7883,93,1723,98,501,1290,"Hepburn (S)",116,501,269,130,136,1620,331,66,251,1195,1376,303,48,111,549,128,717,133,259,1134,3898,277,1342,587,47,427,55
62,119,192,73,164,14,66,319,170,32,248,71,7,82,130,103,1838,79,191,39,144,18,766,188,19,363,372,69,43,22,448,2453,274,195,190,14,26,"22980",14,84,501,4859,47,251,159,290,138,340,135,31,203,487,138,187,141,279,66,127,116,256,242,949,95,248,246,929,220,180,38,186,469,5,158,791,125,28,55,2406,256,223,41,82,370,1281,39,267,482,59,2574,34,525,29,226,405,"Hindmarsh (S)",96,132,112,92,38,908,114,16,179,413,383,123,51,67,247,44,275,34,81,399,1292,130,488,239,18,160,10
563,982,1560,663,2425,415,1827,4656,466,866,2432,2202,180,209,5151,733,12290,1850,4627,172,5337,162,6854,4565,41,3599,6127,405,465,147,5100,37135,6604,861,1216,118,258,"23110",365,1659,7837,72429,292,4008,2237,1952,5042,2720,4031,784,2529,13093,647,2649,494,10491,715,1423,1143,3834,2575,10308,997,3294,6509,6845,2490,955,314,1527,5284,155,1192,12638,834,64,107,35295,6828,2660,353,750,1810,27716,328,9987,4320,429,55041,302,13433,362,1893,5136,"Hobsons Bay (C)",809,4946,2439,258,331,5446,1518,333,1745,6512,9192,1872,351,578,5173,268,1137,310,580,3248,27325,2732,5022,6583,440,3513,427
168,292,446,181,606,69,396,1182,389,143,727,402,29,178,803,215,5161,366,690,52,754,55,2028,703,24,1059,1242,189,134,55,1218,8308,1021,450,402,31,73,"23190",67,321,1577,15913,84,799,573,613,612,984,799,137,581,2291,392,557,354,1559,136,334,343,775,633,2676,304,760,1122,2776,527,471,111,529,1376,35,459,2512,380,55,80,7606,1170,831,53,283,922,4896,105,1222,1316,192,9535,98,2194,82,588,1087,"Horsham (RC)",243,609,563,207,77,2389,495,64,587,1268,1395,422,109,160,1105,85,748,109,197,967,4639,541,1299,1169,63,691,80
712,981,1560,1360,7069,961,5565,14047,502,2236,3178,6146,573,237,12873,727,18078,5716,10823,154,12902,600,12573,10490,33,6528,12872,753,1031,563,11328,77799,13566,1090,1168,107,308,"23270",838,5464,16112,153462,260,8185,6978,1889,10984,3348,11710,1800,5804,31082,799,5132,654,25780,1675,2208,1617,7921,5524,19741,1724,4719,15428,10028,4869,1182,1162,1834,10042,427,1515,26340,1711,36,69,75669,13755,3827,808,1350,2275,62243,673,21691,5924,953,124061,400,27319,864,2746,10003,"Hume (C)",1827,10704,7023,264,689,8048,2212,1003,3073,13470,21319,2509,791,585,14538,520,1453,602,1124,6046,61818,7512,9702,15653,1059,11177,1176
131,164,263,210,451,109,188,939,217,132,461,225,32,96,404,131,4101,275,734,31,423,54,2039,711,14,977,1192,122,66,52,1224,6674,914,428,224,17,67,"23350",66,277,1555,13104,48,794,487,353,492,820,408,173,705,1250,366,539,357,829,204,274,318,758,524,2633,181,553,626,2226,617,444,107,456,1343,12,363,2462,282,31,42,6436,1018,722,81,106,869,3917,100,1033,902,162,7776,68,1928,118,441,1154,"Indigo (S)",134,544,268,118,114,1871,404,46,285,1274,1439,277,68,100,589,89,718,81,171,1064,3860,325,1297,626,33,547,97
1047,1862,3014,980,4154,620,3040,8174,1214,1128,4706,3730,283,533,8047,1542,21934,3191,8179,568,7927,252,13553,7761,114,7316,10426,712,826,251,8276,64673,10948,1384,2600,274,433,"23430",551,2912,13673,124594,843,7081,4020,4139,8415,4566,6771,1169,3953,19800,1401,5365,1026,15974,1094,2755,1918,6594,4320,17615,1513,6168,9687,12244,4743,1579,508,2457,9142,206,2108,21604,1562,166,283,59923,11527,4683,537,1177,2959,48110,486,16627,8428,856,94382,612,22479,556,3723,10107,"Kingston (C) (Vic.)",1552,8211,4068,680,491,9694,2766,486,2691,11173,15939,3412,722,1156,8811,469,2428,555,1024,6238,46275,4741,8469,10110,555,6107,581
741,1592,2452,892,5083,485,3720,9911,1156,952,3898,4100,219,547,8122,1102,24152,3901,8471,307,8160,250,13662,7883,79,7184,10538,934,1085,240,6555,65713,10102,1641,2008,161,305,"23670",419,3471,15509,127047,463,8040,4831,3105,7748,4821,7816,906,3189,20332,1474,5260,1180,16279,903,2361,1873,7467,3367,19896,1718,5219,10020,13405,4920,1850,488,2617,10329,166,2209,22075,2053,107,185,61338,10647,4693,449,1388,3494,48942,435,15154,7112,1117,96337,431,20753,455,3213,10180,"Knox (C)",1995,7405,4974,611,459,10752,2820,380,3100,11536,16351,2852,907,861,10200,379,2657,445,828,6483,47397,5223,9564,10316,475,7371,477
707,811,1278,885,2279,324,1771,4409,722,777,2340,1780,224,322,3462,654,11598,1683,3431,231,3272,264,7609,3358,65,3870,4728,329,427,244,5993,31021,4032,973,1106,118,300,"23810",311,1543,7155,59998,350,3618,2131,1761,2903,2093,3557,632,2911,9057,900,2537,794,6727,834,1265,804,3539,3078,10102,863,2801,4340,6322,2511,1095,510,1151,5139,228,945,9718,672,68,128,28975,4307,1893,409,693,2067,21619,432,5812,4227,337,42410,405,8337,424,1887,5052,"Latrobe (C) (Vic.)",780,2907,2428,395,455,5277,1087,452,1550,4989,6795,1534,357,468,4789,427,1694,424,859,3738,20791,2360,4956,4718,396,3231,377
124,93,161,132,198,47,69,413,136,61,309,72,11,52,129,110,2001,98,281,34,158,35,1139,284,17,508,520,63,30,47,844,3074,370,254,145,24,63,"23940",43,114,757,6322,58,346,212,256,194,383,144,88,440,518,176,270,169,289,131,189,131,406,405,1356,97,362,252,1034,368,217,78,209,619,13,172,1078,122,17,32,3252,346,277,63,67,468,1634,55,352,621,57,3476,64,717,66,307,640,"Loddon (S)",68,158,110,83,80,967,149,20,165,554,567,167,40,71,230,90,346,63,159,632,1839,120,737,260,33,211,30
303,325,557,468,1509,212,701,2919,463,253,1003,824,84,236,1519,296,9546,1049,2242,129,1480,158,5046,2203,30,2533,3459,305,232,154,3069,18796,2952,766,513,39,142,"24130",226,923,4237,36659,167,2130,1408,811,1994,2262,1526,440,1463,3942,770,1501,609,3002,473,625,743,2107,1601,6356,390,1246,1891,5339,1684,878,310,1251,3241,62,1016,7184,642,49,84,17861,3325,1946,238,294,1647,11858,234,3887,2012,336,24052,158,6277,239,1008,3183,"Macedon Ranges (S)",436,1897,1000,226,240,4207,1205,152,684,3727,4440,617,202,232,2114,231,1375,266,490,2516,12193,1116,3109,2048,135,1964,119
804,1818,2973,638,3919,286,2455,7542,1434,608,4623,2976,150,674,5135,1423,19121,2965,6300,319,5155,187,12292,5854,96,6690,7899,769,838,168,5088,50939,6615,1244,2249,168,363,"24210",270,2592,11114,97529,495,5836,3620,3668,5094,3837,5427,550,2393,12885,1492,4802,1121,10286,686,3080,1236,5278,2695,14448,1073,6507,6388,10675,4205,1458,357,2136,7622,135,1704,16681,1637,104,204,46588,7431,3188,349,913,2703,37571,330,10301,8740,865,73324,439,14044,344,4114,9008,"Manningham (C)",1512,5206,3426,758,307,8446,1955,283,1985,8785,12153,3426,678,1154,7222,275,2609,396,671,5601,35756,3800,6827,6496,288,5549,320
89,94,159,119,266,40,104,499,123,68,281,123,15,46,241,81,2037,150,336,17,236,30,1311,309,5,628,572,78,23,31,710,3538,442,202,123,13,44,"24250",46,132,877,7049,31,425,237,207,280,394,220,90,366,662,232,342,195,474,111,186,119,451,348,1428,69,337,319,1115,432,231,61,189,718,8,204,1156,158,10,14,3508,493,318,58,54,428,2083,58,533,551,79,4302,44,937,62,267,775,"Mansfield (S)",47,247,142,79,60,926,196,31,119,582,645,153,26,63,299,59,423,50,108,680,2214,160,711,342,35,283,37
356,662,1050,576,1847,580,2379,3635,184,1504,1477,2916,338,88,6902,522,11330,1391,3579,164,7601,178,4024,3683,28,2084,4908,281,731,147,5862,34435,7154,563,854,100,155,"24330",489,1290,5532,69093,268,2780,1784,1379,5405,1888,5298,1067,3017,19006,272,1617,207,14506,749,868,1164,2753,2844,7247,1683,2052,9704,6239,1539,570,329,1050,3632,280,838,9900,626,28,59,34661,6901,2629,366,1314,1128,25345,280,10361,2589,343,51902,202,14058,385,1109,3158,"Maribyrnong (C)",1344,4954,3395,95,299,5088,1464,615,2997,4992,7262,1182,606,392,7258,194,473,198,395,1939,26553,3860,3613,9302,719,2683,788
589,1322,2009,575,3461,334,2326,6671,1080,719,3063,2658,140,494,6151,900,18899,2603,5565,311,5952,191,9647,5199,75,5300,7239,662,791,175,4914,47052,7665,1196,1747,136,211,"24410",334,2294,9580,89771,447,5015,3214,2647,5793,3694,4991,665,2235,15284,1328,3623,975,12101,695,1640,1545,4566,2677,12710,1399,3741,7339,10645,3127,1363,364,2029,6665,137,1673,15158,1412,116,187,42715,7947,3832,322,1060,2557,33725,291,11114,5414,750,65952,376,15617,374,2344,6748,"Maroondah (C)",1363,5325,3253,585,284,8259,2286,275,2464,7916,10767,2099,578,691,6629,246,2305,345,587,4344,32230,3372,6048,7941,395,4898,329
422,491,766,1047,4534,1250,10869,10591,405,5131,1206,9597,1440,209,15855,459,23903,3133,3197,265,16302,507,5288,3248,56,2623,4840,895,3735,605,15432,65494,8555,742,795,134,192,"24600",907,4003,5140,127232,399,2589,6060,1255,6005,2002,20474,2153,7879,44425,641,1625,558,32154,1338,690,1302,2550,7555,7798,3898,1472,22234,13528,1683,874,1113,1106,3967,1618,892,9784,2347,42,98,61741,7484,2878,641,3231,1612,44403,506,11006,2299,1451,87893,227,16035,699,1091,3307,"Melbourne (C)",6235,4998,16228,195,545,10373,1581,3054,7134,4944,6441,781,2494,276,29756,418,1202,360,777,2657,43486,13530,3832,22187,2430,7136,2701
368,467,718,909,4574,898,3314,8883,260,1865,1509,3529,417,128,8834,310,12731,3696,6704,80,8081,383,7681,6614,17,3838,8331,492,595,342,8399,52096,11286,619,578,41,175,"24650",764,3356,10198,102097,128,5264,4313,887,8940,2320,6845,1664,4352,20955,507,2945,460,16917,1248,1038,1450,4932,4045,12486,1283,2216,9980,7219,3059,757,726,1254,6473,376,1063,16888,1116,23,44,50001,11564,3497,600,885,1380,40826,447,17693,2847,619,80973,192,22853,647,1332,6010,"Melton (C)",984,8755,4287,130,465,5512,2044,787,2172,8557,13320,1187,387,248,8616,314,967,389,704,3834,40145,4334,6018,10970,848,7047,1016
581,662,1043,684,1828,262,1102,3518,561,633,1781,1152,164,238,2444,531,9034,1234,2411,178,2394,221,5493,2308,54,2738,3447,374,332,216,4808,22402,2987,713,889,91,242,"24780",249,1123,4935,43642,276,2455,1690,1419,2047,1707,2252,515,2402,6535,627,1752,552,4830,651,904,674,2482,2409,7111,598,2023,3213,4928,1840,776,432,925,3559,157,785,7079,730,50,106,21243,3184,1609,302,471,1489,15062,326,4040,3169,358,29796,336,6168,353,1382,3589,"Mildura (RC)",575,1998,1590,331,358,4103,935,320,1066,3631,4716,1117,248,383,3153,360,1186,358,713,2751,14734,1560,3548,3327,290,2362,342
286,244,414,463,1523,227,875,2880,266,447,866,1045,101,123,2003,237,6031,1090,2014,75,2060,192,3608,2082,18,1821,2870,243,179,181,3289,16260,2481,454,342,51,127,"24850",218,890,3618,32439,129,1729,1358,581,1804,1202,1918,447,1640,5230,421,1165,395,4068,485,516,441,1885,1650,5056,412,1073,2599,3323,1182,519,372,662,2462,105,547,5789,528,21,41,16185,2704,1116,244,304,975,11292,215,3611,1633,287,23125,161,5178,243,760,2354,"Mitchell (S)",365,1808,1158,144,249,2710,674,211,714,2916,4098,557,186,173,2487,207,813,235,438,1784,11837,1330,2594,2635,213,1979,230
397,382,657,399,902,115,469,1711,507,238,1203,536,74,236,980,387,5892,551,1178,108,961,116,3960,1181,29,2000,1841,234,142,92,2575,12121,1432,513,547,84,197,"24900",104,493,2785,23981,195,1389,808,935,931,1083,1002,217,1318,2699,571,1191,446,1936,319,745,383,1392,1253,4227,295,1468,1309,3213,1284,526,214,596,2107,46,492,3764,453,50,81,11854,1486,922,145,231,1047,7652,191,1779,2377,221,15513,202,2919,169,1175,2473,"Moira (S)",261,850,656,275,210,2679,536,114,526,1922,2361,720,117,273,1378,235,1012,245,476,1962,7862,730,2123,1393,120,1044,122
995,2450,4006,893,6330,613,5961,12399,1781,1530,6063,7055,471,843,10328,1977,29696,4645,8595,480,11275,341,15185,8239,179,8221,11126,1345,2141,302,8710,78884,11414,1487,3113,245,436,"24970",525,4151,14085,153720,724,7309,6071,5088,8770,5206,13018,1138,4286,27136,1720,6028,1343,21604,1043,3772,2030,6776,4429,18367,2167,8339,13923,16466,5234,1899,642,2844,9650,412,2353,23081,2956,177,357,74831,12085,4983,513,1841,3383,57988,443,17380,11113,1617,115315,555,23495,534,5046,11256,"Monash (C)",3955,8604,8513,941,451,13227,2951,880,4007,11957,16838,4567,1808,1557,17853,384,3068,476,861,6959,57321,9337,8714,13211,723,8797,805
234,258,400,279,629,89,281,1195,300,148,679,353,51,137,551,210,4749,402,855,62,525,74,2456,882,22,1194,1496,157,83,70,1706,8240,1022,487,346,42,112,"22410",90,318,1910,16377,103,951,560,555,634,984,635,179,860,1665,391,655,362,1075,240,399,299,956,843,3173,247,786,786,2518,745,501,150,507,1590,39,479,2962,327,24,49,8134,1118,717,101,196,989,4882,136,1244,1328,168,9922,127,2145,136,642,1406,"Glenelg (S)",181,613,409,162,144,2229,416,91,446,1467,1739,393,95,139,908,150,753,144,290,1260,5042,501,1581,872,77,718,71
72,116,186,208,783,98,319,1488,98,106,322,395,36,53,840,83,3958,558,1110,12,785,75,2002,1120,5,919,1631,152,102,91,1190,8274,1536,353,136,13,36,"22490",81,447,2021,16769,22,988,705,225,1077,869,715,178,612,2118,240,591,260,1625,180,270,360,1033,579,2912,232,513,1000,2097,713,332,165,454,1432,27,416,3281,323,6,17,8491,1546,872,82,164,682,5600,115,2030,687,172,11626,40,3083,100,365,1306,"Golden Plains (S)",199,956,441,43,95,1857,511,61,394,1650,2232,246,92,71,973,105,503,83,192,1086,6024,525,1484,1121,53,1000,51
963,1253,1930,1055,3563,419,2703,7066,1173,966,3295,2780,257,557,5275,988,20610,2487,4829,389,5037,386,10859,4553,103,5595,6780,695,932,356,7715,46628,6243,1540,1755,206,426,"22620",443,2281,9642,89283,593,4989,3504,2743,4368,3716,5478,859,3759,13739,1612,3453,1382,10309,987,1786,1457,4648,3953,14036,1371,3924,6612,11409,3363,1806,743,2009,7304,245,1711,14091,1558,117,217,42651,6863,3535,471,1089,3349,31265,508,8708,6065,863,60959,537,13101,516,2768,6814,"Greater Bendigo (C)",1599,4342,3884,618,542,9199,2080,500,2464,7304,9379,2138,664,682,7580,521,2999,524,1050,5270,29693,3699,6734,7129,483,4767,484
861,1582,2496,1075,4746,759,4173,9021,585,1969,3807,5423,491,268,10651,1106,13661,3844,7177,257,11812,399,11906,7517,43,6196,9147,501,849,322,9543,61166,10787,737,1907,143,407,"22670",646,3332,13146,124599,399,6621,4274,3008,8801,1930,9600,1399,5050,27166,766,4910,613,22464,1227,2511,1229,6529,4495,15838,1392,5544,14246,7206,4581,878,716,1007,8041,356,927,17859,1125,66,113,63433,9934,2540,529,1341,1616,49472,538,16786,6995,623,101403,451,20720,701,3189,9489,"Greater Dandenong (C)",1640,7986,5381,318,538,6454,1304,851,2733,8717,14697,3032,787,916,12088,517,1379,519,1040,5712,51936,6707,7796,12913,877,7174,1090
1746,3149,4915,2005,7336,1144,5463,14447,2426,2206,7390,6090,594,1137,11396,2351,39258,5245,10879,714,11140,597,23587,10195,188,12493,14323,1493,1678,537,15275,99671,14238,2771,4112,405,732,"22750",791,4775,20931,191166,1117,11005,7109,6460,10408,6906,11554,1938,7878,29642,3125,8320,2586,22533,1998,4055,2686,9928,7401,28885,2785,9146,14575,21961,7507,3176,1137,3870,15207,484,3035,29972,3286,246,428,91500,15016,6680,900,2115,5950,70308,1019,20634,13316,1798,136629,1011,29252,1095,5929,15826,"Greater Geelong (C)",2974,10227,7628,1291,988,17298,3996,1077,4896,15653,21072,5083,1293,1761,15606,1008,5710,1045,2053,11092,66326,7975,13682,15069,888,10027,1320
750,1475,2407,811,3222,534,2800,6344,718,1422,3634,3089,263,327,7353,1140,17304,2415,5733,267,7051,232,9385,5671,54,5021,7772,581,906,240,7198,50750,8040,1064,1826,150,306,"25060",519,2240,9657,97118,416,5039,3125,2967,6150,3581,5889,1059,3456,18685,839,3759,701,14403,930,2117,1351,4620,3737,12788,1614,4925,9008,9715,3277,1262,478,1974,6729,263,1603,15917,1214,89,145,46365,8624,3357,435,1240,2322,37302,438,12250,6384,642,72619,442,16665,495,2753,7034,"Moonee Valley (C)",1568,6101,3974,390,374,7594,2000,527,2859,8141,11403,2806,660,938,7987,380,1541,423,803,4363,35320,4010,6053,9673,705,4650,716
177,245,376,299,1073,131,605,2082,259,213,674,718,61,124,1385,178,5471,777,1642,43,1364,91,3226,1635,18,1611,2322,202,164,93,1970,12943,2033,420,310,32,75,"25150",138,700,2916,25373,70,1452,1014,491,1483,1145,1318,269,967,3488,458,996,355,2747,340,391,419,1463,1003,4118,307,824,1686,3071,1110,480,185,619,2076,45,523,4754,418,27,46,12433,2205,1076,168,219,905,8868,147,2895,1263,219,17934,107,4238,168,590,2103,"Moorabool (S)",294,1410,811,131,152,2403,660,101,524,2431,3278,434,128,131,1711,148,817,152,307,1611,9070,897,2041,1801,111,1481,107
827,2276,3676,946,3678,882,4612,7115,666,2514,4948,4855,427,277,12991,1661,22814,2896,7057,276,13965,317,9556,7142,74,5192,9481,466,1554,269,9900,70339,12843,1000,2653,188,355,"25250",797,2525,10679,136461,463,5593,3431,4311,9836,3808,9473,1684,4935,35425,725,4034,549,26961,1195,2876,2118,5086,4961,13853,3467,6964,17758,13129,3429,1222,587,2075,7294,431,1733,19207,1105,97,170,66119,12823,5069,591,2485,2220,52247,486,18912,8461,639,103741,475,25663,605,3510,7462,"Moreland (C)",2543,9075,6598,391,464,9686,2952,863,5952,9730,14206,4084,994,1399,12878,388,1278,431,821,4362,51494,6278,6550,17661,1202,5423,1314
1656,2232,3725,1393,4680,507,2656,8945,2492,844,6421,3215,251,1137,5497,2036,25663,3610,7741,552,5291,402,20899,7270,211,11175,10160,666,572,354,10084,67067,8452,1784,3022,332,732,"25340",550,3094,15549,128156,881,8135,4271,5059,6250,4960,5870,1058,4763,13493,2929,7284,2082,10788,1279,3886,1697,7411,5318,21007,1116,8030,6465,14598,6838,2290,751,2727,11154,210,2235,21250,1492,237,447,61091,9463,4248,624,750,4069,47153,728,12610,12178,821,92412,924,17916,658,5753,14127,"Mornington Peninsula (S)",1078,6362,3442,1356,657,11060,2553,454,1864,11090,15017,4145,500,1492,7409,807,5010,958,1764,9726,45261,3969,9847,7034,416,6699,422
220,214,356,348,502,247,220,933,355,369,693,242,82,168,445,226,4748,319,788,96,408,67,2638,706,30,1365,1357,108,79,43,2273,8004,1081,474,338,50,101,"25430",101,285,1844,15946,144,905,433,563,561,952,466,351,1424,1544,503,739,420,852,369,361,275,942,845,3239,177,756,863,2633,720,571,113,545,1627,16,410,2815,215,26,59,7943,1079,721,133,154,1043,4524,147,1097,1325,104,8927,119,2161,236,631,1458,"Mount Alexander (S)",157,536,314,187,198,2117,442,104,332,1460,1496,387,78,145,723,136,917,125,264,1277,4409,407,1612,687,63,605,299
607,2183,3445,779,3979,530,3524,7770,1080,1344,3794,3619,282,428,8595,1545,24532,2824,6696,327,8490,232,10525,6308,113,5572,9069,917,1229,189,6762,60185,9850,1557,2695,169,235,"22310",499,2525,11044,115105,496,5687,3792,4240,7316,5046,7139,1034,3275,22029,1263,3959,993,17087,910,2002,1999,5357,3485,15102,2069,4781,10701,13726,3660,1714,415,2756,7803,257,2291,18964,1998,187,300,54926,10306,4781,440,1535,3279,42973,394,14346,6465,1084,83816,369,20161,473,2670,7626,"Glen Eira (C)",2189,7031,5008,647,384,10806,2778,543,3604,9895,13002,2773,966,1260,9867,295,2256,347,643,4954,40844,4857,7298,11324,662,5352,685
132,189,278,203,500,81,227,978,249,121,430,244,33,121,489,130,4253,299,653,34,546,79,1833,639,10,878,1139,126,90,63,1274,6579,994,433,236,29,64,"25490",80,265,1454,13134,68,720,477,373,556,897,470,160,654,1537,339,447,303,1043,184,242,360,733,618,2483,222,480,768,2242,543,395,142,487,1209,34,408,2372,279,13,25,6556,983,776,92,155,830,3718,99,1043,863,149,7610,70,1974,88,428,989,"Moyne (S)",174,483,352,130,104,2009,420,72,380,1236,1289,237,90,92,717,109,646,95,202,948,3894,370,1270,772,59,559,65
139,138,224,230,350,74,169,697,219,102,420,182,35,101,372,133,3316,229,559,25,395,54,2090,630,14,961,1000,64,56,52,1245,5704,782,313,182,26,66,"25620",79,209,1427,11546,55,666,344,314,493,638,358,156,646,1118,336,516,332,768,156,262,219,764,596,2376,149,499,549,1823,654,396,103,343,1171,24,294,1982,147,26,43,5843,814,538,77,103,718,3285,102,908,854,79,6989,71,1603,78,428,1170,"Murrindindi (S)",103,418,254,115,126,1495,320,60,249,981,1187,234,42,89,513,137,665,111,251,1129,3698,263,1206,574,52,439,49
200,369,559,378,2430,177,1386,4612,394,242,1015,1614,85,185,2171,254,11784,1828,3411,67,2249,142,5391,3215,27,2676,4822,469,454,132,2485,25077,3766,915,449,34,91,"25710",170,1501,6587,49213,100,3327,2178,705,2703,2964,3002,353,1241,5639,724,1797,658,4420,476,651,887,3260,1243,8881,527,1352,2822,6513,1911,1009,268,1618,4522,73,1352,10069,1013,13,40,24136,4257,2308,225,450,1923,17327,187,5362,1946,550,34939,112,8026,252,927,3702,"Nillumbik (S)",788,2660,1916,206,189,5272,1418,164,972,5245,6628,697,335,189,3951,145,1385,153,303,2713,17614,2033,4360,2821,120,3328,124
160,189,298,142,350,34,178,663,217,81,455,181,20,105,346,143,2831,228,503,35,377,44,1595,472,13,778,776,77,53,35,915,4961,554,282,258,19,73,"25810",42,184,1120,9724,53,563,311,400,352,534,357,76,448,1073,260,437,236,721,127,218,168,558,468,1834,135,472,544,1511,500,284,79,289,915,23,247,1635,164,36,44,4766,617,415,64,133,568,2985,70,684,848,89,5982,86,1171,60,394,940,"Northern Grampians (S)",112,333,252,108,77,1323,246,37,271,852,969,253,59,111,511,83,497,76,161,819,2994,258,917,528,39,418,40
434,699,1138,1114,1415,946,2487,2896,445,3083,1687,2163,332,213,9589,565,17691,936,4276,129,9224,151,6946,4523,40,3474,6715,328,701,160,9932,45774,8992,1047,868,86,220,"25900",928,942,6749,89077,209,3303,1479,1433,6486,3276,4646,1876,4993,26249,853,2251,721,18811,1404,1081,1561,3444,4933,10205,2493,2319,12568,10009,2337,1292,314,1848,5105,388,1431,13486,703,41,87,43303,9124,3717,648,1865,2342,30834,508,12528,3197,379,61462,217,18115,760,1505,4588,"Port Phillip (C)",1182,6043,3584,238,606,7681,2155,722,4358,6773,8803,1237,477,439,6555,415,1576,369,784,3472,30628,2968,5097,13679,1593,1876,1490
75,71,119,190,158,108,80,327,91,106,196,84,11,47,185,71,1626,95,280,32,165,23,1159,272,7,519,553,42,37,15,960,2845,433,176,109,16,46,"25990",31,91,792,6105,43,378,173,178,222,319,162,135,679,567,160,306,151,349,176,162,109,415,282,1331,62,289,287,871,368,172,37,179,615,6,139,1045,111,8,16,3258,352,254,32,44,351,1694,63,397,451,64,3519,24,786,146,261,675,"Pyrenees (S)",71,177,122,41,129,754,144,16,111,492,547,130,34,47,258,121,310,55,175,639,1825,134,721,271,24,181,83
54,55,96,41,60,3,14,138,152,10,217,25,4,58,43,61,957,30,76,11,33,7,620,77,5,328,151,20,13,7,255,1367,94,83,91,13,27,"26080",6,42,271,2523,21,142,79,149,56,144,39,8,119,126,151,141,114,78,31,83,29,134,141,497,17,176,61,554,148,92,13,87,258,5,57,330,52,27,36,1152,114,76,12,17,177,676,21,122,387,26,1306,34,208,19,167,295,"Queenscliffe (B)",26,60,28,90,24,404,43,5,31,184,151,89,11,40,72,24,262,34,61,294,630,37,241,72,5,70,4
305,369,598,402,880,99,397,1614,509,212,1021,407,49,219,863,309,6909,579,1138,80,873,106,4037,1187,33,2032,1966,197,121,84,2301,12127,1439,638,501,42,146,"26170",105,446,2719,23581,126,1397,736,808,908,1300,804,207,1135,2527,710,1096,590,1733,332,560,425,1324,1167,4537,354,1137,1210,3866,1203,781,191,706,2387,54,592,3956,402,50,80,11457,1560,1069,148,232,1418,7090,213,1718,1954,211,14372,154,2999,182,934,2303,"South Gippsland (S)",240,807,575,287,189,3043,645,102,579,1998,2327,576,116,231,1147,205,1304,220,426,2001,7273,573,2146,1321,103,1022,113
154,250,370,167,518,53,245,998,329,89,638,276,24,153,488,201,4534,303,617,87,454,51,2018,536,37,1018,1024,162,75,66,1103,6862,810,425,383,45,66,"26260",42,274,1395,13199,128,733,479,582,444,892,522,93,532,1469,376,554,366,944,132,281,314,664,576,2419,241,652,703,2361,545,427,120,476,1239,17,419,2182,300,44,82,6340,842,720,65,200,855,3927,84,843,1131,138,7558,87,1649,67,493,1098,"Southern Grampians (S)",179,392,341,179,87,2178,406,40,436,1154,1154,372,101,122,740,91,741,88,177,999,3634,400,1182,764,37,580,49
604,1187,1923,755,2244,574,3736,4680,949,2230,2891,3091,334,441,9268,940,19438,1468,3951,232,9053,179,8179,3991,95,4390,5905,595,1201,195,7643,48063,7003,1089,1536,106,253,"26350",536,1552,6788,90965,341,3621,2437,2472,5082,3322,6826,1115,3693,24674,1075,2977,878,18325,865,1551,1348,3167,3957,9993,2346,3582,11934,10954,2593,1358,379,1857,5375,384,1464,12125,1289,119,210,42902,7158,3135,416,1771,2451,33153,392,9906,5130,689,63885,348,14153,451,2240,5578,"Stonnington (C)",2010,4824,5319,508,357,8484,1791,723,4116,6217,7935,2035,807,739,9561,315,1957,333,647,3782,30733,4238,4618,12733,1120,3020,1115
156,144,238,166,268,39,131,486,221,68,444,120,10,113,287,149,2554,160,410,55,270,40,1653,405,19,799,648,62,34,32,954,4466,462,276,225,35,74,"26430",38,131,1091,8763,92,554,222,376,278,421,251,79,481,825,287,432,253,552,119,259,137,541,469,1847,107,508,405,1370,499,309,75,242,940,15,185,1356,124,28,46,4303,515,338,62,97,587,2618,75,567,886,61,5255,83,979,58,448,932,"Strathbogie (S)",74,285,178,108,92,1189,198,24,208,715,817,252,45,95,354,89,540,87,179,851,2633,174,907,421,28,292,39
152,272,427,257,889,118,381,1647,396,200,733,472,44,194,1153,209,6512,596,1272,47,1014,90,3191,1302,21,1592,2051,208,134,63,1641,11914,1996,582,359,26,67,"26490",110,464,2649,23345,76,1342,756,566,1404,1397,854,226,840,2925,540,934,522,2165,249,398,472,1304,808,4088,310,840,1359,3520,958,603,149,779,2062,41,622,4220,438,40,63,11429,2116,1149,125,250,1184,7587,111,2730,1392,232,15192,88,4113,130,651,1889,"Surf Coast (S)",259,1325,556,209,145,2988,676,85,562,2173,2576,441,129,154,1201,119,1066,116,241,1600,7606,649,2033,1568,100,1061,94
239,243,386,378,634,161,376,1275,303,322,686,438,97,130,832,212,4021,373,768,82,887,114,2044,799,18,1026,1369,156,120,132,2485,8364,1132,330,350,49,116,"26610",143,347,1691,16646,130,802,641,563,697,756,821,305,1279,2520,330,539,222,1718,376,350,272,891,1210,2769,263,732,1286,2215,630,369,241,395,1353,63,369,2704,318,26,44,8284,1170,652,176,217,698,4940,190,1349,1281,165,10139,124,2303,200,591,1166,"Swan Hill (RC)",212,648,559,173,192,1807,385,161,479,1340,1565,388,92,141,1190,173,553,156,327,1021,5202,633,1413,1235,143,712,183
74,92,136,69,186,27,55,328,142,40,206,70,19,66,143,68,1815,88,227,25,136,30,906,211,10,414,429,64,28,16,498,2453,282,185,120,9,41,"26670",24,71,571,5023,32,255,145,197,156,380,126,57,270,451,159,216,180,280,64,124,98,315,228,1040,68,224,215,934,261,204,43,195,500,9,184,879,128,13,20,2572,290,230,29,61,396,1290,35,289,433,61,2709,27,572,31,224,479,"Towong (S)",62,130,91,72,38,883,138,24,134,450,437,101,34,52,213,56,338,43,95,494,1418,121,540,237,22,163,16
295,382,597,311,839,129,469,1641,400,161,1072,482,44,168,993,361,5956,547,1216,209,946,117,3412,1171,43,1764,1871,181,131,118,2285,12165,1564,516,646,103,129,"26700",108,460,2713,23209,314,1428,796,1008,997,1199,949,237,1053,2649,543,1025,448,1939,273,584,435,1287,1232,4094,307,1262,1270,3233,1031,552,236,629,2136,53,574,3858,400,52,93,11041,1726,1015,147,236,1063,7702,155,2048,1960,220,14962,162,3291,120,890,2056,"Wangaratta (RC)",250,1046,651,228,153,2723,574,95,545,1993,2386,681,122,211,1300,169,992,196,370,1646,7262,654,1954,1379,75,1010,80
328,448,700,339,1133,124,768,2249,407,266,1158,831,97,188,1525,342,6770,788,1518,120,1493,108,3394,1319,33,1790,2090,231,229,110,2500,14531,1867,532,630,56,127,"26730",131,689,2798,27546,181,1492,1112,969,1253,1301,1596,262,1159,4061,538,1033,439,3019,341,523,490,1306,1335,4254,417,1258,1986,3678,1000,589,219,703,2253,69,594,4484,545,57,94,13017,2051,1101,167,368,1121,9519,174,2555,1992,319,18276,204,3920,177,836,2031,"Warrnambool (C)",453,1307,1062,216,163,3099,609,173,780,2395,2839,737,223,245,2220,169,975,220,390,1607,8756,1151,2001,2076,132,1478,130
421,458,736,607,1298,455,661,2517,565,661,1315,823,185,262,1638,394,8579,853,1805,104,1623,173,5096,1769,60,2486,2777,267,188,157,4199,17585,2548,807,636,68,198,"26810",192,772,4228,35358,174,2154,1217,1033,1524,1597,1486,640,2490,4858,738,1489,671,3264,564,770,569,2076,1709,6490,550,1563,2495,4683,1664,857,329,908,3285,87,685,5734,559,72,130,17769,2395,1349,239,380,1657,11191,275,2951,2546,293,22573,220,4937,322,1233,3150,"Wellington (S)",380,1422,940,305,327,3895,779,273,934,2956,3579,786,197,277,2137,273,1410,256,531,2609,11380,1201,3209,2359,166,1624,492
45,43,88,24,115,12,38,211,110,21,162,43,3,45,94,54,1453,43,118,19,78,10,519,131,0,254,284,55,26,13,262,1604,184,144,80,9,20,"26890",7,38,312,3234,34,147,104,132,65,313,75,24,123,357,112,114,108,175,35,82,98,168,139,602,84,164,170,733,131,118,23,173,274,0,146,594,102,8,10,1625,174,203,22,78,260,737,13,130,313,48,1519,25,356,12,150,245,"West Wimmera (S)",71,65,68,63,15,719,104,3,157,306,247,76,45,40,149,25,216,33,52,265,787,85,325,187,11,83,11
907,2337,3690,750,5206,438,4503,10350,2060,1085,5559,5338,321,901,8935,1830,30218,3809,7534,492,9126,249,13608,7070,219,7462,10118,1147,1471,242,7005,70660,10373,1748,3136,256,355,"26980",397,3476,12743,134835,750,6733,5147,4959,7680,5806,9843,840,3283,22853,1964,5085,1497,18064,851,2913,2257,6007,3727,17334,2032,6750,11351,16934,4320,2088,489,3181,9225,271,2621,21261,2577,302,526,64170,11255,5549,424,1674,3838,50005,399,15243,9724,1432,97610,555,21633,427,4165,9400,"Whitehorse (C)",2687,7567,6238,1166,354,13291,3291,587,3710,11142,14600,3839,1217,1354,13115,335,3464,413,746,6146,47602,6873,8108,11499,535,7279,552
759,1197,2012,1195,5935,811,5224,11604,522,2060,3908,5697,432,250,14265,955,18025,4865,10223,168,13991,442,13540,9715,30,7021,11831,628,1057,439,9992,79530,14677,889,1401,111,348,"27070",740,4377,16323,155311,281,8585,5671,2354,12081,3165,10921,1555,4867,33696,809,5635,666,28251,1316,2794,1785,7740,5125,19446,1936,6025,16452,10118,5308,1037,884,1671,10266,397,1486,24418,1481,33,59,75780,14741,4248,686,1447,1926,64285,648,23625,7300,853,127289,412,29423,629,3391,10945,"Whittlesea (C)",1773,11545,6680,266,546,7910,2456,831,3384,12585,19943,3230,716,817,13528,543,1473,582,1120,6513,63009,6852,9178,17248,1046,9241,1014
240,370,578,354,1433,171,909,2683,319,379,957,1151,116,140,2156,271,6548,1003,1780,74,2012,145,3387,1696,17,1781,2455,292,208,133,2494,16050,2357,448,472,49,100,"27170",143,786,3319,31242,117,1725,1248,745,1710,1246,2061,314,1239,5417,478,1158,373,4164,317,528,474,1595,1249,4689,482,1157,2593,3606,1102,569,278,646,2465,95,598,5048,622,32,58,15197,2495,1153,161,385,1021,11190,171,3390,1722,333,22202,148,4854,162,763,2264,"Wodonga (C)",418,1676,1219,177,183,2945,678,211,872,2590,3478,632,210,206,2697,131,848,151,282,1603,11006,1480,2232,2819,181,1788,194
593,714,1102,1185,6523,1407,4956,12735,421,3040,2395,5441,634,204,17546,515,22656,5186,9750,198,15848,547,10507,9930,23,5388,12769,787,1117,475,12103,82364,18901,1090,935,102,272,"27260",968,4732,14382,163311,302,7343,6212,1451,14676,4145,10398,2375,6607,40889,748,4168,696,33392,1595,1512,2817,7039,5502,17924,2522,3368,19521,12321,3984,1267,1028,2164,9198,428,1985,25419,1797,21,47,80948,17718,6081,738,1934,2358,64538,584,28164,4383,1008,128547,318,36623,859,1990,8148,"Wyndham (C)",1907,13485,6498,221,602,10338,3263,1065,4453,12651,19676,1857,799,386,13376,438,1446,478,921,5122,64009,6877,8730,21369,1311,9913,1730
348,502,843,804,1311,684,2454,2717,384,2543,1553,2161,335,161,9288,436,16855,852,3024,103,9228,174,5298,3416,23,2793,5036,284,1077,142,7737,39777,7144,786,639,72,147,"27350",623,896,5119,76983,173,2627,1403,1075,5108,2433,4613,1304,3845,26525,738,1770,557,18519,962,860,1353,2493,3898,7727,3137,1988,12802,9640,1672,1027,319,1326,4049,395,1115,9837,646,36,62,37204,6886,3052,456,2323,1813,26246,403,9670,2718,364,52383,198,14030,503,1167,3444,"Yarra (C)",1702,4562,3924,222,399,7223,1706,731,5466,4804,6441,1126,623,345,7045,276,1292,288,560,2509,26142,3119,3676,13722,1294,1749,1243
734,1197,1964,1109,4990,527,3167,9760,1185,935,3378,3653,262,532,6965,983,25835,3765,7712,255,7078,395,14447,7633,88,7339,10555,833,924,335,7676,61903,9608,1841,1555,135,325,"27450",478,3363,14464,121080,389,7282,4775,2533,7024,5211,6818,1005,3787,17884,1966,4803,1602,14045,1171,2115,2058,7182,3889,19702,1675,4434,8782,14606,4947,2290,726,2858,10132,208,2351,21729,1904,98,188,59178,10153,5127,608,1233,4130,43406,564,13620,6352,1072,87569,414,19756,567,2974,9748,"Yarra Ranges (S)",1620,6600,4302,648,547,11236,3072,471,2908,11172,15345,2322,696,766,8912,564,3562,576,1137,7105,44157,4615,9567,9100,462,7125,476
86,136,214,84,203,20,75,366,208,56,283,89,15,106,139,121,2162,102,232,55,154,40,929,225,20,460,457,62,47,17,609,2815,266,230,213,26,38,"27630",20,86,578,5618,81,279,167,332,118,403,164,39,301,569,209,189,177,297,72,142,122,297,306,1085,119,274,291,1104,241,198,58,209,519,8,196,935,118,22,42,2799,298,272,35,102,429,1403,47,242,566,57,2846,49,557,39,284,428,"Yarriambiack (S)",91,125,129,102,40,1059,148,22,215,473,459,137,43,76,283,56,388,58,111,468,1445,152,566,280,22,192,37
6,0,0,18,24,25,26,37,3,61,5,35,17,3,68,0,145,14,17,0,64,7,61,20,0,26,56,9,10,9,211,339,74,12,0,0,0,"29399",22,8,40,746,0,11,15,0,32,30,63,49,113,210,6,8,9,130,25,4,10,23,97,84,8,8,97,62,17,8,12,6,26,7,25,88,11,0,0,406,62,30,16,10,22,170,3,58,19,0,388,3,135,12,13,31,"Unincorporated Vic",13,29,43,0,18,82,18,30,18,33,30,4,3,0,103,7,15,5,12,38,215,61,55,114,36,20,29
