{"organisation":"TUA_PHIDU","name":"lga11_labourforce","title":"LGA11 Labour Force","legal":{"copyrightYear":"2014","attributionYear":"2014","attribution":"{datasource.organisationTitle}, ({dataset.attributionYear}): {dataset.title}; accessed from AURIN Portal on {dateOfAccess}.","clickthrough":false,"licenceType":"Creative Commons Attribution-NonCommercial-ShareAlike 3.0 Australia (CC BY-NC-SA 3.0 AU)","copyrightNotice":"&copy; {datasource.organisationTitle} {dataset.copyrightYear}"},"referenceSystemIdentifier":"EPSG:4283","geoLevel":"lga2011","key":"area_code","keyRegex":null,"availability":"true","geomField":"wkb_geometry","keyword":"unemployment, labour force participation, female labour force, employment, population, demographic","theme":null,"temporalExtent":{"beginDate":"2011-06-30T00:00:00","endDate":"2012-06-30T00:00:00","selectTime":false},"type":"dataset","_id":"dataset-TUA_PHIDU-lga11_labourforce-lga2011","bbox":null,"abstract":"Unemployment rates and labour force participation rates (2012) and female labour force participation (Census 2011) by LGA 2011.","selectedAttributes":[{"name":"area_code","type":"java.lang.Integer","title":"Local Government Area Code","description":"Local Government Area code (2011)","stype":"nominal","isDimension":false},{"name":"area_name","type":"java.lang.String","title":"Local Government Area Name","description":"Local Government Area name (2011)","stype":"nominal","isDimension":false},{"name":"lab_force_1_no_6_12_6_12","type":"java.lang.Double","title":"Number of People in the Labour Force - Count","description":"Number of people in the labour force. Source: Compiled by PHIDU from 1) Small Area Labour Markets - Australia, Department of Employment and Workplace Relations, June Quarter 2012, and 2) ABS Estimated Resident Population, 30 June 2012","stype":"ratio","isDimension":false},{"name":"lab_force_2_denom_6_12_6_12","type":"java.lang.Double","title":"Population Aged 15 Years and Over","description":"Population aged 15 years and over. Source: ABS ERP 2012","stype":"ratio","isDimension":false},{"name":"lab_force_3_percent_6_12_6_12","type":"java.lang.Double","title":"Labour Force Participation - Percentage of Labour Force Participation","description":"Number of people in the labour force as a percentage of the population aged 15 years and over. i.e. Labour force participation rate. Source: Compiled by PHIDU from 1) Small Area Labour Markets - Australia, Department of Employment and Workplace Relations, June Quarter 2012, and 2) ABS Estimated Resident Population, 30 June 2012","stype":"ratio","isDimension":false},{"name":"unemploymnt_1_no_6_12_6_12","type":"java.lang.Double","title":"Number of People Unemployed - Count","description":"Number of people unemployed. Source: Compiled by PHIDU from Small Area Labour Markets - Australia, Department of Employment and Workplace Relations, June Quarter 2012","stype":"ratio","isDimension":false},{"name":"unemploymnt_2_denom_6_12_6_12","type":"java.lang.Double","title":"Labour Force","description":"Total labour force. Source: Compiled by PHIDU from Small Area Labour Markets - Australia, Department of Employment and Workplace Relations, June Quarter 2012","stype":"ratio","isDimension":false},{"name":"unemploymnt_3_percent_6_12_6_12","type":"java.lang.Double","title":"Unemployment - Percentage of Unemployed","description":"Number of unemployed as a percentage of the labour force. i.e. Unemployment rate. Source: Compiled by PHIDU from Small Area Labour Markets - Australia, Department of Employment and Workplace Relations, June Quarter 2012","stype":"ratio","isDimension":false},{"name":"flfp_1_no_6_11_6_11","type":"java.lang.Double","title":"Females in Labour Force - Count","description":"Females in labour force. Source: ABS Census 2011","stype":"ratio","isDimension":false},{"name":"flfp_2_denom_6_11_6_11","type":"java.lang.Double","title":"Females Aged 15 Years and Over","description":"Females aged 15 years and over. Source: ABS Census 2011","stype":"ratio","isDimension":false},{"name":"flfp_3_percent_6_11_6_11","type":"java.lang.Double","title":"Female Labour Force Participation - Percentage","description":"Females in labour force as a percentage of females aged 15 years and over. Source: ABS Census 2011","stype":"ratio","isDimension":false}],"filter":{"filterType":"tabular","feature":{"key":"area_code","geoLevel":"lga2011","geoField":"ignored","year":"2006","featureBbox":[140.961681984,-39.159189527500004,149.976679008,-33.9806475865],"featureType":"ste","featureInstance":"2","featureName":"Victoria","referenceSystemIdentifier":"EPSG:4283","prefix":"","keyTransform":null},"states":["2"]}}