{"organisation":"TUA_PHIDU","name":"lga11_healthriskfactors_modelledestimate","title":"LGA11 Health Risk Factors - Modelled Estimate","legal":{"copyrightYear":"2014","attributionYear":"2014","attribution":"{datasource.organisationTitle}, ({dataset.attributionYear}): {dataset.title}; accessed from AURIN Portal on {dateOfAccess}.","clickthrough":false,"licenceType":"Creative Commons Attribution-NonCommercial-ShareAlike 3.0 Australia (CC BY-NC-SA 3.0 AU)","copyrightNotice":"&copy; {datasource.organisationTitle} {dataset.copyrightYear}"},"referenceSystemIdentifier":"EPSG:4283","geoLevel":"lga2011","key":"area_code","keyRegex":null,"availability":"true","geomField":"wkb_geometry","keyword":"alcohol, overweight, obese, risk factors, smoking, smokers, health, population","theme":null,"temporalExtent":{"beginDate":"2011-03-06T00:00:00","endDate":"2013-07-31T00:00:00","selectTime":false},"type":"dataset","_id":"dataset-TUA_PHIDU-lga11_healthriskfactors_modelledestimate-lga2011","bbox":null,"abstract":"Modelled estimates of health risk factors: alcohol consumption, weight and smoking by LGA 2011, for 2011 to 2013.","selectedAttributes":[{"name":"area_code","type":"java.lang.Integer","title":"Local Government Area Code","description":"Local Government Area code (2011)","stype":"nominal","isDimension":false},{"name":"area_name","type":"java.lang.String","title":"Local Government Area Name","description":"Local Government Area name (2011)","stype":"nominal","isDimension":false},{"name":"smokers_me_2_rate_3_11_7_13","type":"java.lang.Double","title":"Current Smokers Persons 18 Years and Over - Rate per 100","description":"Current smokers (modelled estimate), as a rate per 100 persons 18 years and over. Source: Compiled by PHIDU using predictions from the 2011-13 Australian Health Survey, ABS (unpublished), and ABS Estimated Resident Population, average of 30 June 2011 and 2012.","stype":"ratio","isDimension":false},{"name":"smokers_me_3_rrmse_3_11_7_13","type":"java.lang.Double","title":"Current Smokers Persons 18 Years and Over - RRMSE","description":"The relative root mean square error (RRMSE) is the measure of the reliability of an estimate. A value of 1 means the estimate should be used with caution, a value of 2 means the estimate is considered too unreliable for general use, and a value of 3 means the estimate is reliable or data is not available for this area. Source: Compiled by PHIDU using predictions from the 2011-13 Australian Health Survey, ABS (unpublished).","stype":"nominal","isDimension":false},{"name":"ovrwght_m_me_1_no_3_11_7_13","type":"java.lang.Double","title":"Overweight Males 18 Years and Over - Count","description":"Overweight (not obese) males (modelled estimate), 18 years and over. Source: Compiled by PHIDU using predictions from the 2011-13 Australian Health Survey, ABS (unpublished), and ABS Estimated Resident Population, average of 30 June 2011 and 2012.","stype":"ratio","isDimension":false},{"name":"alcohol_cons_2_rate_3_11_7_13","type":"java.lang.Double","title":"Alcohol Consumption Persons Aged 18 Years and Over - Rate per 100","description":"Alcohol consumption at levels considered to be a high risk to health (modelled estimate), as a rate per 100 persons aged 18 years and over. Source: Compiled by PHIDU using predictions from the 2011-13 Australian Health Survey, ABS (unpublished), and ABS Estimated Resident Population, average of 30 June 2011 and 2012.","stype":"ratio","isDimension":false},{"name":"alcohol_cons_3_rrmse_3_11_7_13","type":"java.lang.Double","title":"Alcohol Consumption Persons Aged 18 Years and Over - RRMSE","description":"The relative root mean square error (RRMSE) is the measure of the reliability of an estimate. A value of 1 means the estimate should be used with caution, a value of 2 means the estimate is considered too unreliable for general use, and a value of 3 means the estimate is reliable or data is not available for this area. Source: Compiled by PHIDU using predictions from the 2011-13 Australian Health Survey, ABS (unpublished).","stype":"nominal","isDimension":false},{"name":"obese_f_me_1_no_3_11_7_13","type":"java.lang.Double","title":"Obese Females 18 Years and Over - Count","description":"Obese females (modelled estimate), 18 years and over. Source: Compiled by PHIDU using predictions from the 2011-13 Australian Health Survey, ABS (unpublished), and ABS Estimated Resident Population, average of 30 June 2011 and 2012.","stype":"ratio","isDimension":false},{"name":"obese_m_me_3_rrmse_3_11_7_13","type":"java.lang.Double","title":"Obese Females 18 Years and Over - RRMSE","description":"The relative root mean square error (RRMSE) is the measure of the reliability of an estimate. A value of 1 means the estimate should be used with caution, a value of 2 means the estimate is considered too unreliable for general use, and a value of 3 means the estimate is reliable or data is not available for this area. Source: Compiled by PHIDU using predictions from the 2011-13 Australian Health Survey, ABS (unpublished).","stype":"nominal","isDimension":false},{"name":"obese_f_me_2_rate_3_11_7_13","type":"java.lang.Double","title":"Obese Females 18 Years and Over - Rate per 100","description":"Obese females (modelled estimate), as a rate per 100 females aged 18 years and over. Source: Compiled by PHIDU using predictions from the 2011-13 Australian Health Survey, ABS (unpublished), and ABS Estimated Resident Population, average of 30 June 2011 and 2012.","stype":"ratio","isDimension":false},{"name":"obese_f_me_3_rrmse_3_11_7_13","type":"java.lang.Double","title":"Obese Females 18 Years and Over - RRMSE","description":"The relative root mean square error (RRMSE) is the measure of the reliability of an estimate. A value of 1 means the estimate should be used with caution, a value of 2 means the estimate is considered too unreliable for general use, and a value of 3 means the estimate is reliable or data is not available for this area. Source: Compiled by PHIDU using predictions from the 2011-13 Australian Health Survey, ABS (unpublished).","stype":"nominal","isDimension":false},{"name":"obese_m_me_1_no_3_11_7_13","type":"java.lang.Double","title":"Obese Males 18 Years and Over - Count","description":"Obese males (modelled estimate), 18 years and over. Source: Compiled by PHIDU using predictions from the 2011-13 Australian Health Survey, ABS (unpublished), and ABS Estimated Resident Population, average of 30 June 2011 and 2012.","stype":"ratio","isDimension":false},{"name":"smokers_f_me_2_rate_3_11_7_13","type":"java.lang.Double","title":"Female Current Smokers 18 Years and Over - Rate per 100","description":"Female current smokers (modelled estimate), as a rate per 100 females aged 18 years and over. Source: Compiled by PHIDU using predictions from the 2011-13 Australian Health Survey, ABS (unpublished), and ABS Estimated Resident Population, average of 30 June 2011 and 2012.","stype":"ratio","isDimension":false},{"name":"obese_p_me_1_no_3_11_7_13","type":"java.lang.Double","title":"Obese Persons 18 Years and Over - Count","description":"Obese persons (modelled estimate), 18 years and over. Source: Compiled by PHIDU using predictions from the 2011-13 Australian Health Survey, ABS (unpublished), and ABS Estimated Resident Population, average of 30 June 2011 and 2012.","stype":"ratio","isDimension":false},{"name":"obese_p_me_2_rate_3_11_7_13","type":"java.lang.Double","title":"Obese Persons 18 Years and Over - Rate per 100","description":"Obese persons (modelled estimate), as a rate per 100 males aged 18 years and over. Source: Compiled by PHIDU using predictions from the 2011-13 Australian Health Survey, ABS (unpublished), and ABS Estimated Resident Population, average of 30 June 2011 and 2012.","stype":"ratio","isDimension":false},{"name":"obese_p_me_3_rrmse_3_11_7_13","type":"java.lang.Double","title":"Obese Persons 18 Years and Over - RRMSE","description":"The relative root mean square error (RRMSE) is the measure of the reliability of an estimate. A value of 1 means the estimate should be used with caution, a value of 2 means the estimate is considered too unreliable for general use, and a value of 3 means the estimate is reliable or data is not available for this area. Source: Compiled by PHIDU using predictions from the 2011-13 Australian Health Survey, ABS (unpublished).","stype":"nominal","isDimension":false},{"name":"ovrwght_m_me_2_rate_3_11_7_13","type":"java.lang.Double","title":"Overweight Males 18 Years and Over 18 Years and Over - Rate per 100","description":"Overweight (not obese) males (modelled estimate), as a rate per 100 males aged 18 years and over. Source: Compiled by PHIDU using predictions from the 2011-13 Australian Health Survey, ABS (unpublished), and ABS Estimated Resident Population, average of 30 June 2011 and 2012.","stype":"ratio","isDimension":false},{"name":"ovrwght_f_me_1_no_3_11_7_13","type":"java.lang.Double","title":"Overweight Females  18 Years and Over - Count","description":"Overweight (not obese) females (modelled estimate), 18 years and over. Source: Compiled by PHIDU using predictions from the 2011-13 Australian Health Survey, ABS (unpublished), and ABS Estimated Resident Population, average of 30 June 2011 and 2012.","stype":"ratio","isDimension":false},{"name":"ovrwght_f_me_2_rate_3_11_7_13","type":"java.lang.Double","title":"Overweight Females  18 Years and Over - Rate per 100","description":"Overweight (not obese) females (modelled estimate), as a rate per 100 females aged 18 years and over. Source: Compiled by PHIDU using predictions from the 2011-13 Australian Health Survey, ABS (unpublished), and ABS Estimated Resident Population, average of 30 June 2011 and 2012.","stype":"ratio","isDimension":false},{"name":"ovrwght_f_me_3_rrmse_3_11_7_13","type":"java.lang.Double","title":"Overweight Females  18 Years and Over - RRMSE","description":"The relative root mean square error (RRMSE) is the measure of the reliability of an estimate. A value of 1 means the estimate should be used with caution, a value of 2 means the estimate is considered too unreliable for general use, and a value of 3 means the estimate is reliable or data is not available for this area. Source: Compiled by PHIDU using predictions from the 2011-13 Australian Health Survey, ABS (unpublished).","stype":"nominal","isDimension":false},{"name":"ovrwght_m_me_3_rrmse_3_11_7_13","type":"java.lang.Double","title":"Overweight Males 18 Years and Over 18 Years and Over - RRMSE","description":"The relative root mean square error (RRMSE) is the measure of the reliability of an estimate. A value of 1 means the estimate should be used with caution, a value of 2 means the estimate is considered too unreliable for general use, and a value of 3 means the estimate is reliable or data is not available for this area. Source: Compiled by PHIDU using predictions from the 2011-13 Australian Health Survey, ABS (unpublished).","stype":"nominal","isDimension":false},{"name":"ovrwght_p_me_1_no_3_11_7_13","type":"java.lang.Double","title":"Overweight Persons 18 Years and Over - Count","description":"Overweight (not obese) persons (modelled estimate), 18 years and over. Source: Compiled by PHIDU using predictions from the 2011-13 Australian Health Survey, ABS (unpublished), and ABS Estimated Resident Population, average of 30 June 2011 and 2012.","stype":"ratio","isDimension":false},{"name":"smokers_f_me_3_rrmse_3_11_7_13","type":"java.lang.Double","title":"Female Current Smokers 18 Years and Over - RRMSE","description":"The relative root mean square error (RRMSE) is the measure of the reliability of an estimate. A value of 1 means the estimate should be used with caution, a value of 2 means the estimate is considered too unreliable for general use, and a value of 3 means the estimate is reliable or data is not available for this area. Source: Compiled by PHIDU using predictions from the 2011-13 Australian Health Survey, ABS (unpublished).","stype":"nominal","isDimension":false},{"name":"ovrwght_p_me_2_rate_3_11_7_13","type":"java.lang.Double","title":"Overweight Persons 18 Years and Over - Rate per 100","description":"Overweight (not obese) persons (modelled estimate), as a rate per 100 males aged 18 years and over. Source: Compiled by PHIDU using predictions from the 2011-13 Australian Health Survey, ABS (unpublished), and ABS Estimated Resident Population, average of 30 June 2011 and 2012.","stype":"ratio","isDimension":false},{"name":"ovrwght_p_me_3_rrmse_3_11_7_13","type":"java.lang.Double","title":"Overweight Persons 18 Years and Over - RRMSE","description":"The relative root mean square error (RRMSE) is the measure of the reliability of an estimate. A value of 1 means the estimate should be used with caution, a value of 2 means the estimate is considered too unreliable for general use, and a value of 3 means the estimate is reliable or data is not available for this area. Source: Compiled by PHIDU using predictions from the 2011-13 Australian Health Survey, ABS (unpublished).","stype":"nominal","isDimension":false},{"name":"smokers_f_me_1_no_3_11_7_13","type":"java.lang.Double","title":"Female Current Smokers 18 Years and Over - Count","description":"Female current smokers (modelled estimate), 18 years and over. Source: Compiled by PHIDU using predictions from the 2011-13 Australian Health Survey, ABS (unpublished), and ABS Estimated Resident Population, average of 30 June 2011 and 2012.","stype":"ratio","isDimension":false},{"name":"obese_m_me_2_rate_3_11_7_13","type":"java.lang.Double","title":"Obese Males 18 Years and Over - Rate per 100","description":"Obese males (modelled estimate), as a rate per 100 males aged 18 years and over. Source: Compiled by PHIDU using predictions from the 2011-13 Australian Health Survey, ABS (unpublished), and ABS Estimated Resident Population, average of 30 June 2011 and 2012.","stype":"ratio","isDimension":false},{"name":"smokers_m_me_1_no_3_11_7_13","type":"java.lang.Double","title":"Male Current Smokers 18 Years and Over - Count","description":"Male current smokers (modelled estimate), 18 years and over. Source: Compiled by PHIDU using predictions from the 2011-13 Australian Health Survey, ABS (unpublished), and ABS Estimated Resident Population, average of 30 June 2011 and 2012.","stype":"ratio","isDimension":false},{"name":"smokers_m_me_2_rate_3_11_7_13","type":"java.lang.Double","title":"Male Current Smokers 18 Years and Over - Rate per 100","description":"Male current smokers (modelled estimate), as a rate per 100 males aged 18 years and over. Source: Compiled by PHIDU using predictions from the 2011-13 Australian Health Survey, ABS (unpublished), and ABS Estimated Resident Population, average of 30 June 2011 and 2012.","stype":"ratio","isDimension":false},{"name":"smokers_m_me_3_rrmse_3_11_7_13","type":"java.lang.Double","title":"Male Current Smokers 18 Years and Over - RRMSE","description":"The relative root mean square error (RRMSE) is the measure of the reliability of an estimate. A value of 1 means the estimate should be used with caution, a value of 2 means the estimate is considered too unreliable for general use, and a value of 3 means the estimate is reliable or data is not available for this area. Source: Compiled by PHIDU using predictions from the 2011-13 Australian Health Survey, ABS (unpublished).","stype":"nominal","isDimension":false},{"name":"alcohol_cons_1_no_3_11_7_13","type":"java.lang.Double","title":"Alcohol Consumption Persons Aged 18 Years and Over - Count","description":"Alcohol consumption at levels considered to be a high risk to health (modelled estimate), persons aged 18 years and over. Source: Compiled by PHIDU using predictions from the 2011-13 Australian Health Survey, ABS (unpublished), and ABS Estimated Resident Population, average of 30 June 2011 and 2012.","stype":"ratio","isDimension":false},{"name":"smokers_me_1_no_3_11_7_13","type":"java.lang.Double","title":"Current Smokers Persons 18 Years and Over - Count","description":"Current smokers (modelled estimate), persons 18 years and over. Source: Compiled by PHIDU using predictions from the 2011-13 Australian Health Survey, ABS (unpublished), and ABS Estimated Resident Population, average of 30 June 2011 and 2012.","stype":"ratio","isDimension":false}],"filter":{"filterType":"tabular","feature":{"key":"area_code","geoLevel":"lga2011","geoField":"ignored","year":"2006","featureBbox":[140.961681984,-39.159189527500004,149.976679008,-33.9806475865],"featureType":"ste","featureInstance":"2","featureName":"Victoria","referenceSystemIdentifier":"EPSG:4283","prefix":"","keyTransform":null},"states":["2"]}}