{"organisation":"TUA_PHIDU","name":"tua_phidu_2015_lga_aust_avo_mrtlt_cause_0_74_yrs_2010_14","title":"LGA15 Avoidable Mortality-By Selected Cause - 2010-2014","legal":{"copyrightYear":"2017","attributionYear":"2016","attribution":"{datasource.organisationTitle}, ({dataset.attributionYear}): {dataset.title}; accessed from AURIN Portal on {dateOfAccess}.","clickthrough":false,"licenceType":"Creative Commons Attribution-NonCommercial-ShareAlike 3.0 Australia (CC BY-NC-SA 3.0 AU)","copyrightNotice":"&copy; {datasource.organisationTitle} {dataset.copyrightYear}"},"referenceSystemIdentifier":"urn:x-ogc:def:crs:EPSG:4283","geoLevel":"lga2011","key":"lga_code","keyRegex":null,"availability":"true","geomField":"wkb_geometry","keyword":"disease,external injury,suicide,cancer,tua,torrens university australia,phidu,public health information development unit,lga profile 2015,avoidable,mortality,cause","theme":null,"temporalExtent":{"beginDate":"2010-06-30T00:00:00","endDate":"2014-06-30T00:00:00","selectTime":false},"type":"dataset","_id":"dataset-TUA_PHIDU-tua_phidu_2015_lga_aust_avo_mrtlt_cause_0_74_yrs_2010_14-lga2011","bbox":null,"abstract":"The number of potentially avoidable deaths and their cause at age 0 to 74 years with corresponding mortality rates/ratios with respective confidence intervals, 2010 - 2014. The specified causes of death are: cancers, colorectal cancer, breast cancer, circulatory system diseases, ischaemic heart disease, cerebrovascular disease, respiratory system diseases, chronic obstructive pulmonary disease, deaths from select external causes of mortality, suicide and self-inflicted injuries, other external causes of mortality, transport accidents. (all entries that were classified as not shown, not published or not applicable were assigned a null value; no data was provided for Maralinga Tjarutja LGA, in South Australia). The data is by LGA 2015 profile (based on the LGA 2011 geographic boundaries). For more information on statistics used please refer to the PHIDU website, available from: <a href=http://phidu.torrens.edu.au/help-and-information/about-our-data/statistical-information>http://phidu.torrens.edu.au/</a>. For information on the avoidable mortality concept please refer to the Australian and New Zealand Atlas of Avoidable Mortality, available from: <a href=http://phidu.torrens.edu.au/pdf/2005-2009/avoidable-mortality-aust-nz-2006/avoidable_mortality_full.pdf > http://phidu.torrens.edu.au/</a>. <br/>\n\nSource: Data compiled by PHIDU from deaths data based on the 2010 to 2014 Cause of Death Unit Record Files supplied by the Australian Coordinating Registry and the Victorian Department of Justice, and ABS Estimated Resident Population (ERP), 30 June 2010 to 30 June 2014.","selectedAttributes":[{"name":"lga_code","type":"java.lang.Integer","title":"Local Government Area Code","description":"Local Government Area Code (2011)","stype":"ordinal","isDimension":false},{"name":"lga_name","type":"java.lang.String","title":"Local Government Area Name","description":"Local Government Area Name (2011)","stype":"nominal","isDimension":false},{"name":"ste_name","type":"java.lang.String","title":"State Name","description":"Name of Australian State or Territory","stype":"nominal","isDimension":false},{"name":"avoid_dths_pulm_2_asr","type":"java.lang.Double","title":"Avoidable deaths from chronic obstructive pulmonary disease, people aged 0 to 74 years - ASR per 100,000 population","description":"Amenable (treatable) deaths from chronic obstructive pulmonary disease at age 0 to 74 years - Indirectly age-standardised rate per 100,000 population (Indirectly age-standardised refers to adjustments made through comparisons against the relevant Australian population). ","stype":"ratio","isDimension":false},{"name":"avoid_dths_cancer_2_asr","type":"java.lang.Double","title":"Avoidable deaths from cancer, people aged 0 to 74 years - ASR per 100,000 population","description":"Amenable (treatable) deaths from all cancers at age 0 to 74 years - Indirectly age-standardised rate per 100,000 population (Indirectly age-standardised refers to adjustments made through comparisons against the relevant Australian population).","stype":"ratio","isDimension":false},{"name":"avoid_dths_cerb_2_asr","type":"java.lang.Double","title":"Avoidable deaths from cerebrovascular diseases, people aged 0 to 74 years - ASR per 100,000 population","description":"Amenable (treatable) deaths from cerebrovascular diseases at age 0 to 74 years - Indirectly age-standardised rate per 100,000 population (Indirectly age-standardised refers to adjustments made through comparisons against the relevant Australian population).","stype":"ratio","isDimension":false},{"name":"avoid_dths_colo_2_asr","type":"java.lang.Double","title":"Avoidable deaths from colorectal cancer, people aged 0 to 74 years - ASR per 100,000 population","description":"Amenable (treatable) deaths from colorectal cancer at age 0 to 74 years - Indirectly age-standardised rate per 100,000 population (Indirectly age-standardised refers to adjustments made through comparisons against the relevant Australian population).","stype":"ratio","isDimension":false},{"name":"avoid_dths_diab_2_asr","type":"java.lang.Double","title":"Avoidable deaths from diabetes, people aged 0 to 74 years - ASR per 100,000 population","description":"Amenable (treatable) deaths from diabetes at age 0 to 74 years - Indirectly age-standardised rate per 100,000 population (Indirectly age-standardised refers to adjustments made through comparisons against the relevant Australian population).","stype":"ratio","isDimension":false}],"filter":{"filterType":"tabular","feature":{"key":"lga_code","geoLevel":"lga2011","geoField":"ignored","year":"2006","featureBbox":[140.961681984,-39.159189527500004,149.976679008,-33.9806475865],"featureType":"ste","featureInstance":"2","featureName":"Victoria","referenceSystemIdentifier":"urn:x-ogc:def:crs:EPSG:4283","prefix":"","keyTransform":null},"states":["2"]}}