{"organisation":"TUA_PHIDU","name":"tua_phidu_2015_lga_aust_admiss_principal_diag_person_2012_13","title":"LGA15 Hospital Admissions - Persons - Principal Diagnostic - 2012-2013","legal":{"copyrightYear":"2017","attributionYear":"2016","attribution":"{datasource.organisationTitle}, ({dataset.attributionYear}): {dataset.title}; accessed from AURIN Portal on {dateOfAccess}.","clickthrough":false,"licenceType":"Creative Commons Attribution-NonCommercial-ShareAlike 3.0 Australia (CC BY-NC-SA 3.0 AU)","copyrightNotice":"&copy; {datasource.organisationTitle} {dataset.copyrightYear}"},"referenceSystemIdentifier":"urn:x-ogc:def:crs:EPSG:4283","geoLevel":"lga2011","key":"lga_code","keyRegex":null,"availability":"true","geomField":"wkb_geometry","keyword":"person,lga profile 2015,tua,torrens university australia,phidu,public health information development unit,hospital,admissions,principle,diagnostic","theme":null,"temporalExtent":{"beginDate":"2012-01-01T00:00:00","endDate":"2013-12-31T00:00:00","selectTime":false},"type":"dataset","_id":"dataset-TUA_PHIDU-tua_phidu_2015_lga_aust_admiss_principal_diag_person_2012_13-lga2011","bbox":null,"abstract":"Total hospital admissions 2012/13, excluding same-day admissions for dialysis for kidney disease and well babies who are nine days older or less. The data presented are of the number of separations, or completions of the episode of care of a patient in hospital by principal diagnosis (infectious and parasitic diseases, all cancers, mental health related conditions, circulatory system diseases, respiratory system diseases, digestive system diseases, musculoskeletal system and connective tissue diseases, genitourinary system diseases, pregnancy and childbirth, injury, poisoning and other external causes) for Public hospitals and All hospitals (all entries that were classified as not shown, not published or not applicable were assigned a null value; no data was provided for Maralinga Tjarutja LGA, in South Australia). The data is by LGA 2015 profile (based on the LGA 2011 geographic boundaries). For more information on statistics used please refer to the PHIDU website, available from: <a href=http://phidu.torrens.edu.au/help-and-information/about-our-data/statistical-information>http://phidu.torrens.edu.au/</a>. <br/>\n\nNote: Data were not available for private hospitals in Tasmania, the Northern Territory or the Australian Capital Territory. Therefore the ?all hospitals? data for these areas has been omitted. <br/>\n\nSource: Compiled by PHIDU using data from the Australian Institute of Health and Welfare, supplied on behalf of State and Territory health departments for 2012/13; and the average of the ABS Estimated Resident Population, 30 June 2012 and 2013.","selectedAttributes":[{"name":"lga_code","type":"java.lang.Integer","title":"Local Government Area Code","description":"Local Government Area Code (2011).","stype":"ordinal","isDimension":false},{"name":"adm_canc_all_1_count","type":"java.lang.Integer","title":"Admissions for All Cancers - All Hospitals - Count","description":"Admissions for all cancers in all hospitals, 2012/13 - count.","stype":"ratio","isDimension":false},{"name":"adm_canc_all_2_asr","type":"java.lang.Double","title":"Admissions for All Cancers - All Hospitals - ASR per 100,000 Population","description":"Admissions for all cancers in all hospitals, 2012/13 ? Indirectly age-standardised rate per 100,000 population (indirectly age-standardised refers to adjustments made through comparisons against the relevant Australian population).","stype":"ratio","isDimension":false},{"name":"adm_canc_all_3_sr","type":"java.lang.Double","title":"Admissions for All Cancers - All Hospitals - SR","description":"Admissions for all cancers in all hospitals, 2012/13 - indirectly age-standardised ratio (this ratio is the observed to expected number of occurrences in the LGA given the relevant Australian population).","stype":"ratio","isDimension":false},{"name":"adm_canc_all_4_sig","type":"java.lang.Double","title":"Admissions for All Cancers - All Hospitals - Statistical Significance","description":"The statistical significance category for all cancers in all hospitals - sig. 1 = statistically significantly different from the Australian rate at the 95% confidence level, 2 = statistically significantly different from the Australian rate at the 99% confidence level, 3 = not statistically significantly different from the Australian rate.","stype":"ratio","isDimension":false},{"name":"adm_canc_pub_1_count","type":"java.lang.Integer","title":"Admissions for All Cancers - Public Hospitals ? Count","description":"Admissions for all cancers in public hospitals, 2012/13 - count.","stype":"ratio","isDimension":false},{"name":"adm_canc_pub_2_asr","type":"java.lang.Double","title":"Admissions for All Cancers - Public Hospitals - ASR per 100,000 Population","description":"Admissions for all cancers in public hospitals, 2012/13 ? Indirectly age-standardised rate per 100,000 population (indirectly age-standardised refers to adjustments made through comparisons against the relevant Australian population).","stype":"ratio","isDimension":false},{"name":"adm_canc_pub_3_sr","type":"java.lang.Double","title":"Admissions for All Cancers - Public Hospitals - SR","description":"Admissions for all cancers in public hospitals, 2012/13 - indirectly age-standardised ratio (this ratio is the observed to expected number of occurrences in the LGA given the relevant Australian population).","stype":"ratio","isDimension":false},{"name":"adm_canc_pub_4_sig","type":"java.lang.Double","title":"Admissions for All Cancers - Public Hospitals ? Statistical Significance","description":"The statistical significance category for all cancers in public hospitals - sig. 1 = statistically significantly different from the Australian rate at the 95% confidence level, 2 = statistically significantly different from the Australian rate at the 99% confidence level, 3 = not statistically significantly different from the Australian rate.","stype":"ratio","isDimension":false},{"name":"adm_circ_all_1_count","type":"java.lang.Integer","title":"Admissions for Circulatory System Diseases - All Hospitals - Count","description":"Admissions for circulatory system diseases in all hospitals, 2012/13 - count.","stype":"ratio","isDimension":false},{"name":"adm_circ_all_2_asr","type":"java.lang.Double","title":"Admissions for Circulatory System Diseases - All Hospitals - ASR per 100,000 Population","description":"Admissions for circulatory system diseases in all hospitals, 2012/13 ? Indirectly age-standardised rate per 100,000 population (indirectly age-standardised refers to adjustments made through comparisons against the relevant Australian population).","stype":"ratio","isDimension":false},{"name":"adm_circ_all_3_sr","type":"java.lang.Double","title":"Admissions for Circulatory System Diseases - All Hospitals - SR","description":"Admissions for circulatory system diseases in all hospitals, 2012/13 - indirectly age-standardised ratio (this ratio is the observed to expected number of occurrences in the LGA given the relevant Australian population).","stype":"ratio","isDimension":false},{"name":"adm_circ_all_4_sig","type":"java.lang.Double","title":"Admissions for Circulatory System Diseases - All Hospitals - Statistical Significance","description":"The statistical significance category for circulatory system diseases in all hospitals - sig. 1 = statistically significantly different from the Australian rate at the 95% confidence level, 2 = statistically significantly different from the Australian rate at the 99% confidence level, 3 = not statistically significant from the Australian rate.","stype":"ratio","isDimension":false},{"name":"adm_circ_pub_1_count","type":"java.lang.Integer","title":"Admissions for Circulatory System Diseases - Public Hospitals ? Count","description":"Admissions for circulatory system diseases in public hospitals, 2012/13 - count.","stype":"ratio","isDimension":false},{"name":"adm_circ_pub_2_asr","type":"java.lang.Double","title":"Admissions for Circulatory System Diseases - Public Hospitals - ASR per 100,000 Population","description":"Admissions for circulatory system diseases in public hospitals, 2012/13 ? Indirectly age-standardised rate per 100,000 population (indirectly age-standardised refers to adjustments made through comparisons against the relevant Australian population).","stype":"ratio","isDimension":false},{"name":"adm_circ_pub_3_sr","type":"java.lang.Double","title":"Admissions for Circulatory System Diseases - Public Hospitals - SR","description":"Admissions for circulatory system diseases in public hospitals, 2012/13 - indirectly age-standardised ratio (this ratio is the observed to expected number of occurrences in the LGA given the relevant Australian population).","stype":"ratio","isDimension":false},{"name":"adm_circ_pub_4_sig","type":"java.lang.Double","title":"Admissions for Circulatory System Diseases - Public Hospitals ? Statistical Significance","description":"The statistical significance category for circulatory system diseases in public hospitals - sig. 1 = statistically significantly different from the Australian rate at the 95% confidence level, 2 = statistically significantly different from the Australian rate at the 99% confidence level, 3 = not statistically significantly different from the Australian rate.","stype":"ratio","isDimension":false},{"name":"adm_dig_all_1_count","type":"java.lang.Integer","title":"Admissions for Digestive System Diseases - All Hospitals - Count","description":"Admissions for digestive system diseases in all hospitals, 2012/13 - count.","stype":"ratio","isDimension":false},{"name":"adm_dig_all_2_asr","type":"java.lang.Double","title":"Admissions for Digestive System Diseases - All Hospitals - ASR per 100,000 Population","description":"Admissions for digestive system diseases in all hospitals, 2012/13 ? Indirectly age-standardised rate per 100,000 population (indirectly age-standardised refers to adjustments made through comparisons against the relevant Australian population).","stype":"ratio","isDimension":false},{"name":"adm_dig_all_3_sr","type":"java.lang.Double","title":"Admissions for Digestive System Diseases - All Hospitals - SR","description":"Admissions for digestive system diseases in all hospitals, 2012/13 - indirectly age-standardised ratio (this ratio is the observed to expected number of occurrences in the LGA given the relevant Australian population).","stype":"ratio","isDimension":false},{"name":"adm_dig_all_4_sig","type":"java.lang.Double","title":"Admissions for Digestive System Diseases - All Hospitals - Statistical Significance","description":"The statistical significance category for digestive system diseases in all hospitals - sig. 1 = statistically significantly different from the Australian rate at the 95% confidence level, 2 = statistically significantly different from the Australian rate at the 99% confidence level, 3 = not statistically significantly different from the Australian rate.","stype":"ratio","isDimension":false},{"name":"adm_dig_pub_1_count","type":"java.lang.Integer","title":"Admissions for Digestive System Diseases - Public Hospitals ? Count","description":"Admissions for digestive system diseases in public hospitals, 2012/13 - count.","stype":"ratio","isDimension":false},{"name":"adm_dig_pub_2_asr","type":"java.lang.Double","title":"Admissions for Digestive System Diseases - Public Hospitals - ASR per 100,000 Population","description":"Admissions for digestive system diseases in public hospitals, 2012/13 ? Indirectly age-standardised rate per 100,000 population (indirectly age-standardised refers to adjustments made through comparisons against the relevant Australian population).","stype":"ratio","isDimension":false},{"name":"adm_dig_pub_3_sr","type":"java.lang.Double","title":"Admissions for Digestive System Diseases - Public Hospitals - SR","description":"Admissions for digestive system diseases in public hospitals, 2012/13 - indirectly age-standardised ratio (this ratio is the observed to expected number of occurrences in the LGA given the relevant Australian population).","stype":"ratio","isDimension":false},{"name":"adm_dig_pub_4_sig","type":"java.lang.Double","title":"Admissions for Digestive System Diseases - Public Hospitals ? Statistical Significance","description":"The statistical significance category for digestive system diseases in public hospitals - sig. 1 = statistically significantly different from the Australian rate at the 95% confidence level, 2 = statistically significantly different from the Australian rate at the 99% confidence level, 3 = not statistically significantly different from the Australian rate. Source: Compiled by PHIDU using data from the Australian Institute of Health and Welfare, supplied on behalf of State and Territory health departments for 2012/13; and the average of the ABS Estimated Resident Population, 30 June 2012 and 2013.The statistical significance category for digestive system diseases in public hospitals - sig. 1 = statistically significantly different from the Australian rate at the 95% confidence level, 2 = statistically significantly different from the Australian rate at the 99% confidence level, 3 = not statistically significantly different from the Australian rate.","stype":"ratio","isDimension":false},{"name":"adm_genit_all_1_count","type":"java.lang.Integer","title":"Admissions for Genitourinary System Diseases - All Hospitals - Count","description":"Admissions for genitourinary system diseases in all hospitals, 2012/13 - count.","stype":"ratio","isDimension":false},{"name":"adm_genit_all_2_asr","type":"java.lang.Double","title":"Admissions for Genitourinary System Diseases - All Hospitals - ASR per 100,000 Population","description":"Admissions for genitourinary system diseases in all hospitals, 2012/13 ? Indirectly age-standardised rate per 100,000 population (indirectly age-standardised refers to adjustments made through comparisons against the relevant Australian population).","stype":"ratio","isDimension":false},{"name":"adm_genit_all_3_sr","type":"java.lang.Double","title":"Admissions for Genitourinary System Diseases - All Hospitals - SR","description":"Admissions for genitourinary system diseases in all hospitals, 2012/13 - indirectly age-standardised ratio (this ratio is the observed to expected number of occurrences in the LGA given the relevant Australian population).","stype":"ratio","isDimension":false},{"name":"adm_genit_all_4_sig","type":"java.lang.Double","title":"Admissions for Genitourinary System Diseases - All Hospitals - Statistical Significance","description":"The statistical significance category for genitourinary system diseases in all hospitals - sig. 1 = statistically significantly different from the Australian rate at the 95% confidence level, 2 = statistically significantly different from the Australian rate at the 99% confidence level, 3 = not statistically significantly different from the Australian rate.","stype":"ratio","isDimension":false},{"name":"adm_genit_pub_1_count","type":"java.lang.Integer","title":"Admissions for Genitourinary System Diseases - Public Hospitals ? Count","description":"Admissions for genitourinary system diseases in public hospitals, 2012/13 - count.","stype":"ratio","isDimension":false},{"name":"adm_genit_pub_2_asr","type":"java.lang.Double","title":"Admissions for Genitourinary System Diseases - Public Hospitals - ASR per 100,000 Population","description":"Admissions for genitourinary system diseases in public hospitals, 2012/13 ? Indirectly age-standardised rate per 100,000 population (indirectly age-standardised refers to adjustments made through comparisons against the relevant Australian population).","stype":"ratio","isDimension":false},{"name":"adm_genit_pub_3_sr","type":"java.lang.Double","title":"Admissions for Genitourinary System Diseases - Public Hospitals - SR","description":"Admissions for genitourinary system diseases in public hospitals, 2012/13 - indirectly age-standardised ratio (this ratio is the observed to expected number of occurrences in the LGA given the relevant Australian population).","stype":"ratio","isDimension":false},{"name":"adm_genit_pub_4_sig","type":"java.lang.Double","title":"Admissions for Genitourinary System Diseases - Public Hospitals ? Statistical Significance","description":"The statistical significance category for genitourinary system diseases in public hospitals - sig. 1 = statistically significantly different from the Australian rate at the 95% confidence level, 2 = statistically significantly different from the Australian rate at the 99% confidence level, 3 = not statistically significantly different from the Australian rate.","stype":"ratio","isDimension":false},{"name":"adm_infc_all_1_count","type":"java.lang.Integer","title":"Admissions for Infectious and Parasitic Diseases - All Hospitals - Count","description":"Admissions for infectious and parasitic diseases in all hospitals, 2012/13 - count.","stype":"ratio","isDimension":false},{"name":"adm_infc_all_2_asr","type":"java.lang.Double","title":"Admissions for Infectious and Parasitic Diseases - All Hospitals - ASR per 100,000 Population","description":"Admissions for infectious and parasitic diseases in all hospitals, 2012/13 ? Indirectly age-standardised rate per 100,000 population (indirectly age-standardised refers to adjustments made through comparisons against the relevant Australian population).","stype":"ratio","isDimension":false},{"name":"adm_infc_all_3_sr","type":"java.lang.Double","title":"Admissions for Infectious and Parasitic Diseases - All Hospitals - SR","description":"Admissions for infectious and parasitic diseases in all hospitals, 2012/13 - indirectly age-standardised ratio (this ratio is the observed to expected number of occurrences in the LGA given the relevant Australian population).","stype":"ratio","isDimension":false},{"name":"adm_infc_all_4_sig","type":"java.lang.Double","title":"Admissions for Infectious and Parasitic Diseases - All Hospitals - Statistical Significance","description":"The statistical significance category for infectious and parasitic diseases in all hospitals - sig. 1 = statistically significantly different from the Australian rate at the 95% confidence level, 2 = statistically significantly different from the Australian rate at the 99% confidence level, 3 = not statistically significantly different from the Australian rate.","stype":"ratio","isDimension":false},{"name":"adm_infc_pub_1_count","type":"java.lang.Integer","title":"Admissions for Infectious and Parasitic Diseases - Public Hospitals ? Count","description":"Admissions for infectious and parasitic diseases in public hospitals, 2012/13 - count.","stype":"ratio","isDimension":false},{"name":"adm_infc_pub_2_asr","type":"java.lang.Double","title":"Admissions for Infectious and Parasitic Diseases - Public Hospitals - ASR per 100,000 Population","description":"Admissions for infectious and parasitic diseases in public hospitals, 2012/13 ? Indirectly age-standardised rate per 100,000 population (indirectly age-standardised refers to adjustments made through comparisons against the relevant Australian population).","stype":"ratio","isDimension":false},{"name":"adm_infc_pub_3_sr","type":"java.lang.Double","title":"Admissions for Infectious and Parasitic Diseases - Public Hospitals - SR","description":"Admissions for infectious and parasitic diseases in public hospitals, 2012/13 - indirectly age-standardised ratio (this ratio is the observed to expected number of occurrences in the LGA given the relevant Australian population).","stype":"ratio","isDimension":false},{"name":"adm_infc_pub_4_sig","type":"java.lang.Double","title":"Admissions for Infectious and Parasitic Diseases - Public Hospitals ? Statistical Significance","description":"The statistical significance category for infectious and parasitic diseases in public hospitals - sig. 1 = statistically significantly different from the Australian rate at the 95% confidence level, 2 = statistically significantly different from the Australian rate at the 99% confidence level, 3 = not statistically significantly different from the Australian rate.","stype":"ratio","isDimension":false},{"name":"adm_inj_all_1_count","type":"java.lang.Integer","title":"Admissions for Injury, Poisoning and Other External Causes - All Hospitals - Count","description":"Admissions for injury, poisoning and other external causes in all hospitals, 2012/13 - count.","stype":"ratio","isDimension":false},{"name":"adm_inj_all_2_asr","type":"java.lang.Double","title":"Admissions for Injury, Poisoning and Other External Causes - All Hospitals - ASR per 100,000 Population","description":"Admissions for injury, poisoning and other external causes in all hospitals, 2012/13 ? Indirectly age-standardised rate per 100,000 population (indirectly age-standardised refers to adjustments made through comparisons against the relevant Australian population).","stype":"ratio","isDimension":false},{"name":"adm_inj_all_3_sr","type":"java.lang.Double","title":"Admissions for Injury, Poisoning and Other External Causes - All Hospitals - SR","description":"Admissions for injury, poisoning and other external causes in all hospitals, 2012/13 - indirectly age-standardised ratio (this ratio is the observed to expected number of occurrences in the LGA given the relevant Australian population).","stype":"ratio","isDimension":false},{"name":"adm_inj_all_4_sig","type":"java.lang.Double","title":"Admissions for Injury, Poisoning and Other External Causes - All Hospitals - Statistical Significance","description":"The statistical significance category for injury, poisoning and other external causes in all hospitals - sig. 1 = statistically significantly different from the Australian rate at the 95% confidence level, 2 = statistically significantly different from the Australian rate at the 99% confidence level, 3 = not statistically significantly different from the Australian rate.","stype":"ratio","isDimension":false},{"name":"adm_inj_pub_1_count","type":"java.lang.Integer","title":"Admissions for Injury, Poisoning and Other External Causes - Public Hospitals ? Count","description":"Admissions for injury, poisoning and other external causes in public hospitals, 2012/13 - count.","stype":"ratio","isDimension":false},{"name":"adm_inj_pub_2_asr","type":"java.lang.Double","title":"Admissions for Injury, Poisoning and Other External Causes - Public Hospitals - ASR per 100,000 Population","description":"Admissions for injury, poisoning and other external causes in public hospitals, 2012/13 ? Indirectly age-standardised rate per 100,000 population (indirectly age-standardised refers to adjustments made through comparisons against the relevant Australian population).","stype":"ratio","isDimension":false},{"name":"adm_inj_pub_3_sr","type":"java.lang.Double","title":"Admissions for Injury, Poisoning and Other External Causes - Public Hospitals - SR","description":"Admissions for injury, poisoning and other external causes in public hospitals, 2012/13 - indirectly age-standardised ratio (this ratio is the observed to expected number of occurrences in the LGA given the relevant Australian population).","stype":"ratio","isDimension":false},{"name":"adm_inj_pub_4_sig","type":"java.lang.Double","title":"Admissions for Injury, Poisoning and Other External Causes - Public Hospitals ? Statistical Significance","description":"The statistical significance category for injury, poisoning and other external causes in public hospitals - sig. 1 = statistically significantly different from the Australian rate at the 95% confidence level, 2 = statistically significantly different from the Australian rate at the 99% confidence level, 3 = not statistically significantly different from the Australian rate.","stype":"ratio","isDimension":false},{"name":"adm_ment_all_1_count","type":"java.lang.Integer","title":"Admissions for Mental Health Related Conditions - All Hospitals - Count","description":"Admissions for mental health related conditions in all hospitals, 2012/13 - count.","stype":"ratio","isDimension":false},{"name":"adm_ment_all_2_asr","type":"java.lang.Double","title":"Admissions for Mental Health Related Conditions - All Hospitals - ASR per 100,000 Population","description":"Admissions for mental health related conditions in all hospitals, 2012/13 ? Indirectly age-standardised rate per 100,000 population (indirectly age-standardised refers to adjustments made through comparisons against the relevant Australian population).","stype":"ratio","isDimension":false},{"name":"adm_ment_all_3_sr","type":"java.lang.Double","title":"Admissions for Mental Health Related Conditions - All Hospitals - SR","description":"Admissions for mental health related conditions in all hospitals, 2012/13 - indirectly age-standardised ratio (this ratio is the observed to expected number of occurrences in the LGA given the relevant Australian population).","stype":"ratio","isDimension":false},{"name":"adm_ment_all_4_sig","type":"java.lang.Double","title":"Admissions for Mental Health Related Conditions - All Hospitals - Statistical Significance","description":"The statistical significance category for mental health related conditions in all hospitals - sig. 1 = statistically significantly different from the Australian rate at the 95% confidence level, 2 = statistically significantly different from the Australian rate at the 99% confidence level, 3 = not statistically significant from the Australian rate.","stype":"ratio","isDimension":false},{"name":"adm_ment_pub_1_count","type":"java.lang.Integer","title":"Admissions for Mental Health Related Conditions - Public Hospitals ? Count","description":"Admissions for mental health related conditions in public hospitals, 2012/13 - count.","stype":"ratio","isDimension":false},{"name":"adm_ment_pub_2_asr","type":"java.lang.Double","title":"Admissions for Mental Health Related Conditions - Public Hospitals - ASR per 100,000 Population","description":"Admissions for mental health related conditions in public hospitals, 2012/13 ? Indirectly age-standardised rate per 100,000 population (indirectly age-standardised refers to adjustments made through comparisons against the relevant Australian population).","stype":"ratio","isDimension":false},{"name":"adm_ment_pub_3_sr","type":"java.lang.Double","title":"Admissions for Mental Health Related Conditions - Public Hospitals - SR","description":"Admissions for mental health related conditions in public hospitals, 2012/13 - indirectly age-standardised ratio (this ratio is the observed to expected number of occurrences in the LGA given the relevant Australian population).","stype":"ratio","isDimension":false},{"name":"adm_ment_pub_4_sig","type":"java.lang.Double","title":"Admissions for Mental Health Related Conditions - Public Hospitals ? Statistical Significance","description":"The statistical significance category for mental health related conditions in public hospitals - sig. 1 = statistically significantly different from the Australian rate at the 95% confidence level, 2 = statistically significantly different from the Australian rate at the 99% confidence level, 3 = not statistically significantly different from the Australian rate.","stype":"ratio","isDimension":false},{"name":"adm_musc_all_1_count","type":"java.lang.Integer","title":"Admissions for Musculoskeletal System and Connective Tissue Diseases - All Hospitals - Count","description":"Admissions for musculoskeletal system and connective tissue diseases in all hospitals, 2012/13 - count.","stype":"ratio","isDimension":false},{"name":"adm_musc_all_2_asr","type":"java.lang.Double","title":"Admissions for Musculoskeletal System and Connective Tissue Diseases - All Hospitals - ASR per 100,000 Population","description":"Admissions for musculoskeletal system and connective tissue diseases in all hospitals, 2012/13 ? Indirectly age-standardised rate per 100,000 population (indirectly age-standardised refers to adjustments made through comparisons against the relevant Australian population).","stype":"ratio","isDimension":false},{"name":"adm_musc_all_3_sr","type":"java.lang.Double","title":"Admissions for Musculoskeletal System and Connective Tissue Diseases - All Hospitals - SR","description":"Admissions for musculoskeletal system and connective tissue diseases in all hospitals, 2012/13 - indirectly age-standardised ratio (this ratio is the observed to expected number of occurrences in the LGA given the relevant Australian population).","stype":"ratio","isDimension":false},{"name":"adm_musc_all_4_sig","type":"java.lang.Double","title":"Admissions for Musculoskeletal System and Connective Tissue Diseases - All Hospitals - Statistical Significance","description":"The statistical significance category for musculoskeletal system and connective tissue diseases in all hospitals - sig. 1 = statistically significantly different from the Australian rate at the 95% confidence level, 2 = statistically significantly different from the Australian rate at the 99% confidence level, 3 = not statistically significantly different from the Australian rate.","stype":"ratio","isDimension":false},{"name":"adm_musc_pub_1_count","type":"java.lang.Integer","title":"Admissions for Musculoskeletal System and Connective Tissue Diseases - Public Hospitals ? Count","description":"Admissions for musculoskeletal system and connective tissue diseases in public hospitals, 2012/13 - count.","stype":"ratio","isDimension":false},{"name":"adm_musc_pub_2_asr","type":"java.lang.Double","title":"Admissions for Musculoskeletal System and Connective Tissue Diseases - Public Hospitals - ASR per 100,000 Population","description":"Admissions for musculoskeletal system and connective tissue diseases in public hospitals, 2012/13 ? Indirectly age-standardised rate per 100,000 population (indirectly age-standardised refers to adjustments made through comparisons against the relevant Australian population).","stype":"ratio","isDimension":false},{"name":"adm_musc_pub_3_sr","type":"java.lang.Double","title":"Admissions for Musculoskeletal System and Connective Tissue Diseases - Public Hospitals - SR","description":"Admissions for musculoskeletal system and connective tissue diseases in public hospitals, 2012/13 - indirectly age-standardised ratio (this ratio is the observed to expected number of occurrences in the LGA given the relevant Australian population).","stype":"ratio","isDimension":false},{"name":"adm_musc_pub_4_sig","type":"java.lang.Double","title":"Admissions for Musculoskeletal System and Connective Tissue Diseases - Public Hospitals ? Statistical Significance","description":"The statistical significance category for musculoskeletal system and connective tissue diseases in public hospitals - sig. 1 = statistically significantly different from the Australian rate at the 95% confidence level, 2 = statistically significantly different from the Australian rate at the 99% confidence level, 3 = not statistically significantly different from the Australian rate.","stype":"ratio","isDimension":false},{"name":"adm_resp_all_1_count","type":"java.lang.Integer","title":"Admissions for Respiratory System Diseases - All Hospitals - Count","description":"Admissions for respiratory system diseases in all hospitals, 2012/13 - count.","stype":"ratio","isDimension":false},{"name":"adm_resp_all_2_asr","type":"java.lang.Double","title":"Admissions for Respiratory System Diseases - All Hospitals - ASR per 100,000 Population","description":"Admissions for respiratory system diseases in all hospitals, 2012/13 ? Indirectly age-standardised rate per 100,000 population (indirectly age-standardised refers to adjustments made through comparisons against the relevant Australian population).","stype":"ratio","isDimension":false},{"name":"adm_resp_all_3_sr","type":"java.lang.Double","title":"Admissions for Respiratory System Diseases - All Hospitals - SR","description":"Admissions for respiratory system diseases in all hospitals, 2012/13 - indirectly age-standardised ratio (this ratio is the observed to expected number of occurrences in the LGA given the relevant Australian population).","stype":"ratio","isDimension":false},{"name":"adm_resp_all_4_sig","type":"java.lang.Double","title":"Admissions for Respiratory System Diseases - All Hospitals - Statistical Significance","description":"The statistical significance category for respiratory system diseases in all hospitals - sig. 1 = statistically significantly different from the Australian rate at the 95% confidence level, 2 = statistically significantly different from the Australian rate at the 99% confidence level, 3 = not statistically significantly different from the Australian rate.","stype":"ratio","isDimension":false},{"name":"adm_resp_pub_1_count","type":"java.lang.Integer","title":"Admissions for Respiratory System Diseases - Public Hospitals ? Count","description":"Admissions for respiratory system diseases in public hospitals, 2012/13 - count.","stype":"ratio","isDimension":false},{"name":"adm_resp_pub_2_asr","type":"java.lang.Double","title":"Admissions for Respiratory System Diseases - Public Hospitals - ASR per 100,000 Population","description":"Admissions for respiratory system diseases in public hospitals, 2012/13 ? Indirectly age-standardised rate per 100,000 population (indirectly age-standardised refers to adjustments made through comparisons against the relevant Australian population).","stype":"ratio","isDimension":false},{"name":"adm_resp_pub_3_sr","type":"java.lang.Double","title":"Admissions for Respiratory System Diseases - Public Hospitals - SR","description":"Admissions for respiratory system diseases in public hospitals, 2012/13 - indirectly age-standardised ratio (this ratio is the observed to expected number of occurrences in the LGA given the relevant Australian population).","stype":"ratio","isDimension":false},{"name":"adm_resp_pub_4_sig","type":"java.lang.Double","title":"Admissions for Respiratory System Diseases - Public Hospitals ? Statistical Significance","description":"The statistical significance category for respiratory system diseases in public hospitals - sig. 1 = statistically significantly different from the Australian rate at the 95% confidence level, 2 = statistically significantly different from the Australian rate at the 99% confidence level, 3 = not statistically significantly different from the Australian rate.","stype":"ratio","isDimension":false},{"name":"lga_name","type":"java.lang.String","title":"Local Government Area Name","description":"Local Government Area Name (2011).","stype":"nominal","isDimension":false},{"name":"ste_name","type":"java.lang.String","title":"State Name","description":"Name of Australian State or Territory.","stype":"nominal","isDimension":false}],"filter":{"filterType":"tabular","feature":{"key":"lga_code","geoLevel":"lga2011","geoField":"ignored","year":"2006","featureBbox":[140.961681984,-39.159189527500004,149.976679008,-33.9806475865],"featureType":"ste","featureInstance":"2","featureName":"Victoria","referenceSystemIdentifier":"urn:x-ogc:def:crs:EPSG:4283","prefix":"","keyTransform":null},"states":["2"]}}