{"organisation":"VIC_Govt_VicHealth","name":"vichealth:community_engagement_volunteering_more_than_once_permonth","title":"LGA Volunteering ( once per month)","legal":{"copyrightYear":"2011 - 2014","attributionYear":"2014","attribution":"{datasource.organisationTitle}, ({dataset.attributionYear}): {dataset.title}; accessed from AURIN Portal on {dateOfAccess}.","clickthrough":true,"licenceType":"Data Licence (AURIN)","termsUrl":"https://apps.aurin.org.au/gate/copyright/VicHealth/VicHealth_Additional_TOU_2018.pdf","copyrightNotice":"&copy; Victorian Health Promotion Foundation {dataset.copyrightYear}"},"referenceSystemIdentifier":"urn:x-ogc:def:crs:EPSG:4283","geoLevel":"lga","key":"lga_code06","keyRegex":null,"availability":"true","geomField":"the_geom","keyword":"community engagement","theme":null,"temporalExtent":null,"type":"dataset","_id":"dataset-VIC_Govt_VicHealth-vichealth:community_engagement_volunteering_more_than_once_permonth-lga","bbox":null,"abstract":"This data reports on the % of people who reported volunteering at least once per month (at least once a week,at least once a month). A small number of survey respondents (0.3% of the weighted survey estimates across Victorians) didn't know or refused to answer the survey question.  These respondents have been excluded from the data analysis. Survey question: How often, if at all, do you participate in unpaid voluntary work? Would you say?? Source of question: Adapted from ABS 4102.0 - Australian Social Trends, 2002 for VicHealth Indicators, 2011","selectedAttributes":[{"name":"lga_code06","type":"java.lang.Integer","title":"LGA Code (ABS 2006)","description":"LGA Code (ABS 2006)","stype":"nominal","isDimension":false},{"name":"lga_name06","type":"java.lang.String","title":"LGA Name (ABS 2006)","description":"LGA Name (ABS 2006)","stype":"nominal","isDimension":false},{"name":"numeric","type":"java.lang.Float","title":"LGA estimate","description":"LGA estimate","stype":"ratio","isDimension":false},{"name":"ci_low","type":"java.lang.Float","title":"LGA estimate lower confidence interval","description":"LGA estimate lower confidence interval","stype":"ratio","isDimension":false},{"name":"ci_high","type":"java.lang.Float","title":"LGA estimate upper confidence interval","description":"LGA estimate upper confidence interval","stype":"ratio","isDimension":false},{"name":"significance","type":"java.lang.String","title":"significantly different to the Victorian average","description":"significantly different to the Victorian average","stype":"nominal","isDimension":false},{"name":"vic_ave","type":"java.lang.Float","title":"Victorian average","description":"Victorian average","stype":"ratio","isDimension":false}],"filter":{"filterType":"tabular","feature":{"key":"lga_code06","geoLevel":"lga","geoField":"ignored","year":"2006","featureBbox":[140.961681984,-39.159189527500004,149.976679008,-33.9806475865],"featureType":"ste","featureInstance":"2","featureName":"Victoria","referenceSystemIdentifier":"urn:x-ogc:def:crs:EPSG:4283","prefix":"","keyTransform":null},"states":["2"]}}