{"organisation":"AU_Govt_ABS","name":"b20b_aust_lga","title":"LGA11-based B20B Unpaid Domestic Work: Number of Hours by Age by Sex as at 2011-08-11","legal":{"copyrightYear":"2011","attributionYear":"2011","attribution":"{datasource.organisationTitle}, ({dataset.attributionYear}): {dataset.title}; accessed from AURIN Portal on {dateOfAccess}.","clickthrough":false,"licenceType":"Creative Commons Attribution 2.5 Australia (CC BY 2.5 AU)","copyrightNotice":"&copy; Commonwealth of Australia (Australian Bureau of Statistics) {dataset.copyrightYear}"},"referenceSystemIdentifier":"urn:x-ogc:def:crs:EPSG:4283","geoLevel":"lga2011","key":"LGA_MAIN11","keyRegex":null,"availability":"true","geomField":"wkb_geometry","keyword":"census","theme":null,"temporalExtent":{"beginDate":"2011-01-01T00:00:00","endDate":"2011-12-31T00:00:00","selectTime":false},"type":"dataset","_id":"dataset-AU_Govt_ABS-b20b_aust_lga-lga2011","bbox":null,"abstract":"LGA11 based data for Unpaid Domestic Work: Number Of Hours by Age by Sex, for 2011 Census. Count of all persons persons aged 15 years and over on Census night based on place of usual residence. Data sourced from: <a href='http://www.abs.gov.au/census' target=\"_blank\">http://www.abs.gov.au/census</a>. For further information about these and related statistics, contact the National Information and Referral Services on 1300 135 070. Periodicity: 5-Yearly.","selectedAttributes":[{"name":"LGA_MAIN11","type":"java.lang.String","title":"LGA Code","description":"Local Government Area (LGA) Code.","stype":"nominal","isDimension":false},{"name":"LGA_NAME11","type":"java.lang.String","title":"LGA Name","description":"Local Government Area (LGA) Name.","stype":"nominal","isDimension":false},{"name":"P_85y_ov_DNUDW_","type":"java.lang.Integer","title":"Persons 85 years and over Did no unpaid domestic work","description":"Persons 85 years and over Did no unpaid domestic work.","stype":"ratio","isDimension":false},{"name":"P_85y_ov_UDW_NS","type":"java.lang.Integer","title":"Persons 85 years and over Unpaid domestic work not stated","description":"Persons 85 years and over Unpaid domestic work not stated.","stype":"ratio","isDimension":false},{"name":"P_85y_ov_Total","type":"java.lang.Integer","title":"Persons 85 years and over Total","description":"Persons 85 years and over Total.","stype":"ratio","isDimension":false},{"name":"P_Tot_DUDW_LT_5_h","type":"java.lang.Integer","title":"Persons Total Did unpaid domestic work Less than 5 hours","description":"Persons Total Did unpaid domestic work Less than 5 hours.","stype":"ratio","isDimension":false},{"name":"P_Tot_DUDW_5_14_h","type":"java.lang.Integer","title":"Persons Total Did unpaid domestic work 5 - 14 hours","description":"Persons Total Did unpaid domestic work 5 - 14 hours.","stype":"ratio","isDimension":false},{"name":"P_Tot_DUDW_15_29_h","type":"java.lang.Integer","title":"Persons Total Did unpaid domestic work 15 - 29 hours","description":"Persons Total Did unpaid domestic work 15 - 29 hours.","stype":"ratio","isDimension":false},{"name":"P_Tot_DUDW_30_h_mo","type":"java.lang.Integer","title":"Persons Total Did unpaid domestic work 30 hours or more","description":"Persons Total Did unpaid domestic work 30 hours or more.","stype":"ratio","isDimension":false},{"name":"P_Tot_DNUDW_","type":"java.lang.Integer","title":"Persons Total Did no unpaid domestic work","description":"Persons Total Did no unpaid domestic work.","stype":"ratio","isDimension":false},{"name":"P_Tot_UDW_NS","type":"java.lang.Integer","title":"Persons Total Unpaid domestic work not stated","description":"Persons Total Unpaid domestic work not stated.","stype":"ratio","isDimension":false},{"name":"P_Tot_Total","type":"java.lang.Integer","title":"Persons Total Total","description":"Persons Total Total.","stype":"ratio","isDimension":false}],"filter":{"filterType":"tabular","feature":{"key":"LGA_MAIN11","geoLevel":"lga2011","geoField":"ignored","year":"2006","featureBbox":[140.961681984,-39.159189527500004,149.976679008,-33.9806475865],"featureType":"ste","featureInstance":"2","featureName":"Victoria","referenceSystemIdentifier":"urn:x-ogc:def:crs:EPSG:4283","prefix":"","keyTransform":null},"states":["2"]}}