{"organisation":"VIC_Govt_SV","name":"Sustainability_Victoria:wasterecyclingsurvey_lga_2010_2011","title":"LGA Waste and Recycling Survey 2010 - 2011 for Victoria","legal":{"copyrightYear":"2010 - 2011","attributionYear":"2011","attribution":"{datasource.organisationTitle}, ({dataset.attributionYear}): {dataset.title}; accessed from AURIN Portal on {dateOfAccess}.","clickthrough":false,"licenceType":"Creative Commons Attribution 3.0 Australia (CC BY 3.0 AU)","copyrightNotice":"&copy; {datasource.organisationTitle} {dataset.copyrightYear}"},"referenceSystemIdentifier":"EPSG:4283","geoLevel":"lga","key":"lga_code","keyRegex":null,"availability":"true","geomField":"wkb_geometry","keyword":"waste, recycling, survey, environment, vegetation, green space","theme":null,"temporalExtent":{"beginDate":"2010-01-10T00:00:00","endDate":"2011-01-10T00:00:00","selectTime":false},"type":"dataset","_id":"dataset-VIC_Govt_SV-Sustainability_Victoria:wasterecyclingsurvey_lga_2010_2011-lga","bbox":null,"abstract":"The Victorian Local Government Annual Survey assesses the state's delivery of kerbside waste management and recycling services by local governments to Victoria's households in the 2010-2011 financial year. Further information relating to the datasource is available from here: <a href='http://www.sustainability.vic.gov.au/en/Publications-and-Research/Research/Council-waste-and-recycling-data' >Additional Information</a>","selectedAttributes":[{"name":"lga_code","type":"java.lang.String","title":"LGA Code","description":"Local Government Area (LGA) Code","stype":"Nominal","isDimension":false},{"name":"classification","type":"java.lang.String","title":"Classification","description":"Classification (Metro / Non-metro)","stype":"Nominal","isDimension":false},{"name":"diversion_rate_1","type":"java.lang.Double","title":"Diversion Rate 1","description":"Diversion rate 1 is the official measure from kerbside collection services used to track progress of local governments.","stype":"Ratio","isDimension":false},{"name":"diversion_rate_2","type":"java.lang.Double","title":"Diversion Rate 2","description":"Diversion rate 2 allows comparison with local governments without green organics.","stype":"Ratio","isDimension":false},{"name":"diversion_rate_3","type":"java.lang.Double","title":"Diversion Rate 3","description":"Diversion rate 3 allows comparisons with local governments that provide drop-off collection facilities for parts of their municipality.","stype":"Ratio","isDimension":false},{"name":"household_yield_kg","type":"java.lang.Double","title":"Annual Household Yield (kg)","description":"Annual household yield (kg) of recyclables collected through kerbside services by the local government","stype":"Ratio","isDimension":false},{"name":"lga","type":"java.lang.String","title":"LGA Name","description":"Local Government Area (LGA) Name","stype":"Nominal","isDimension":false},{"name":"lga_name","type":"java.lang.String","title":"LGA Name1","description":"Local Government Area (LGA) Name in Capitals","stype":"Nominal","isDimension":false},{"name":"ogc_fid","type":"java.lang.Integer","title":"Feature Identifier","description":"Feature Identifier","stype":"Nominal","isDimension":false},{"name":"predominant_recycling_bin_system","type":"java.lang.String","title":"Predominant Recycling Bin System","description":"Predominant recycling bin system. Includes size of bins, collection system and regular collection time.","stype":"Nominal","isDimension":false},{"name":"rank","type":"java.lang.Double","title":"Rank","description":"All local governments are ranked by diversion rate 1 . Diversion rate 1 is the official measure used to track progress of local governments.","stype":"Ordinal","isDimension":false},{"name":"service_provision_category","type":"java.lang.String","title":"Service Provision Category","description":"Service provision category (Inner metropolitan, Major provincial, Melbourne fringe, Outer metropolitan, Rural township, Small provincial)","stype":"Nominal","isDimension":false},{"name":"waste_management_group","type":"java.lang.String","title":"Waste Management Group","description":"Waste Management Group","stype":"Nominal","isDimension":false}],"filter":{"filterType":"tabular","feature":{"key":"lga_code","geoLevel":"lga","geoField":"ignored","year":"2006","featureBbox":[140.961681984,-39.159189527500004,149.976679008,-33.9806475865],"featureType":"ste","featureInstance":"2","featureName":"Victoria","referenceSystemIdentifier":"EPSG:4283","prefix":"","keyTransform":null},"states":["2"]}}