{"organisation":"TUA_PHIDU","name":"tua_phidu_2015_lga_aust_risk_factors_adults_2014_15","title":"LGA15 Adults Health Risk Factor Estimates - 2014-2015","legal":{"copyrightYear":"2017","attributionYear":"2017","attribution":"{datasource.organisationTitle}, ({dataset.attributionYear}): {dataset.title}; accessed from AURIN Portal on {dateOfAccess}.","clickthrough":false,"licenceType":"Creative Commons Attribution-NonCommercial-ShareAlike 3.0 Australia (CC BY-NC-SA 3.0 AU)","copyrightNotice":"&copy; {datasource.organisationTitle} {dataset.copyrightYear}"},"referenceSystemIdentifier":"urn:x-ogc:def:crs:EPSG:4283","geoLevel":"lga2011","key":"lga_code","keyRegex":null,"availability":"true","geomField":"wkb_geometry","keyword":"adult,tua,smoking,torrens university australia,phidu,weight,public health information development unit,health risk factors adults,blood pressure,health risks,alcohol,psychological distress,excercise,fruit intake","theme":null,"temporalExtent":{"beginDate":"2014-01-01T00:00:00","endDate":"2015-12-31T00:00:00","selectTime":false},"type":"dataset","_id":"dataset-TUA_PHIDU-tua_phidu_2015_lga_aust_risk_factors_adults_2014_15-lga2011","bbox":null,"abstract":"Estimated number of males/females/people aged 18 years and over whose health was at risk in one of the following categories: psychologically distressed, blood pressure, overweight, obesity, waist measurement, smoking, alcohol consumption, fruit consumption and no or low exercise, 2014-15 (all entries that were classified as not shown, not published or not applicable were assigned a null value; no data was provided for Maralinga Tjarutja LGA, in South Australia). The data is by LGA 2015 profile (based on the LGA 2011 geographic boundaries). For more information on statistics used please refer to the PHIDU website, available from: <a href=http://phidu.torrens.edu.au/help-and-information/about-our-data/statistical-information>http://phidu.torrens.edu.au/</a>.<br/>\n\nSource: Estimates for Population Health Areas (PHAs) are modelled estimates and were produced by the ABS; estimates at the LGA and PHN level were derived from the PHA estimates.\n","selectedAttributes":[{"name":"lga_code","type":"java.lang.Integer","title":"Local Government Area Code","description":"Local Government Area Code (2011).","stype":"interval","isDimension":false},{"name":"alchl_p_2_asr","type":"java.lang.Double","title":"Estimated number of people who had risky alcohol consumption ? ASR per 100 population","description":"The estimated number of people aged 15 years and over who consumed more than two standard alcoholic drinks per day on average, 2014-15 ? Indirectly age-standardised rate per 100 population (Indirectly age-standardised refers to adjustments made through comparisons against the relevant standard Australian population). ","stype":"ratio","isDimension":false},{"name":"ovrwgt_p_2_asr","type":"java.lang.Double","title":"Estimated number of overweight people ? ASR per 100 population","description":"The estimated number of people aged 18 years and over who were overweight (but not obese) based on their Body Mass Index BMI (between 25 and 30), 2014-15 ? Indirectly age-standardised rate per 100 population (Indirectly age-standardised refers to adjustments made through comparisons against the relevant standard Australian population). ","stype":"ratio","isDimension":false},{"name":"ste_name","type":"java.lang.String","title":"State Name","description":"Name of Australian State or Territory.","stype":"nominal","isDimension":false},{"name":"lga_name","type":"java.lang.String","title":"Local Government Area Name","description":"Local Government Area Name (2011).","stype":"nominal","isDimension":false},{"name":"frt_intk_2_asr","type":"java.lang.Double","title":"Estimated number of people who had an adequate fruit intake ? ASR per 100 population","description":"The estimated number of people aged 18 years and over who had an adequate fruit intake (2 serves per day), 2014-15 ? Indirectly age-standardised rate per 100 population (Indirectly age-standardised refers to adjustments made through comparisons against the relevant standard Australian population). ","stype":"ratio","isDimension":false},{"name":"hbld_pres_2_asr","type":"java.lang.Double","title":"Estimated number of people with high blood pressure ? ASR per 100 population","description":"The estimated number of people aged 18 years and over who had high blood pressure, 2014-15 ? Indirectly age-standardised rate per 100 population (Indirectly age-standardised refers to adjustments made through comparisons against the relevant standard Australian population). ","stype":"ratio","isDimension":false},{"name":"lw_excse_2_asr","type":"java.lang.Double","title":"Estimated number of people who did low or no exercise ? ASR per 100 population","description":"The estimated number of people aged 18 years and over did low (score less than 800) or no exercise in the week prior to the survey, exercise was calculated by duration (minutes) X intensity factor (walking for fitness = 3.5, moderate = 5, vigorous = 7.5), 2014-15 ? Indirectly age-standardised rate per 100 population (Indirectly age-standardised refers to adjustments made through comparisons against the relevant standard Australian population). ","stype":"ratio","isDimension":false},{"name":"obese_p_2_asr","type":"java.lang.Double","title":"Estimated number of obese people ? ASR per 100 population","description":"The estimated number of people aged 18 years and over who were obese based on their Body Mass Index BMI (30 or greater), 2014-15 ? Indirectly age-standardised rate per 100 population (Indirectly age-standardised refers to adjustments made through comparisons against the relevant standard Australian population). ","stype":"ratio","isDimension":false},{"name":"psych_dstrs_2_asr","type":"java.lang.Double","title":"Estimated number of people with psychological distress ? ASR per 100 population","description":"The estimated number of people aged 18 years or over with ?high? (scores of 22-29); and ?very high? (scores of 30-50) psychological distress based on the Kessler 10 Scale (K10), 2014?15 ? Indirectly age-standardised rate per 100 population (Indirectly age-standardised refers to adjustments made through comparisons against the relevant standard Australian population). ","stype":"ratio","isDimension":false},{"name":"smkrs_p_2_asr","type":"java.lang.Double","title":"Estimated number of people who were current smokers ? ASR per 100 population","description":"The estimated number of people aged 18 years and over who were current smokers, 2014-15 ? Indirectly age-standardised rate per 100 population (Indirectly age-standardised refers to adjustments made through comparisons against the relevant standard Australian population). ","stype":"ratio","isDimension":false},{"name":"wst_meas_p_2_asr","type":"java.lang.Double","title":"Estimated number of people with a high risk waist measurement ? ASR per 100 population","description":"The estimated number of people aged 18 years and over with a waist measurement of 94cm or more for men or 80cm or more for women, which indicates increased risk of developing chronic disease, 2014-15 ? Indirectly age-standardised rate per 100 population (Indirectly age-standardised refers to adjustments made through comparisons against the relevant standard Australian population). ","stype":"ratio","isDimension":false}],"filter":{"filterType":"tabular","feature":{"key":"lga_code","geoLevel":"lga2011","geoField":"ignored","year":"2006","featureBbox":[140.961681984,-39.159189527500004,149.976679008,-33.9806475865],"featureType":"ste","featureInstance":"2","featureName":"Victoria","referenceSystemIdentifier":"urn:x-ogc:def:crs:EPSG:4283","prefix":"","keyTransform":null},"states":["2"]}}